"","month","day","year","uPARMean","groundwaterTempMean","dissolvedOxygen","chlorophyll"
"1",4,1,2021,200.230277777778,22.5613888888889,8.10715277777777,2.18847222222222
"2",4,2,2021,257.004305555556,22.5532638888889,8.21822916666667,2.36336805555556
"3",4,3,2021,212.294027777778,22.5470486111112,8.05472222222222,3.15298611111111
"4",4,4,2021,229.260208333333,22.5334375000001,7.9976736111111,3.48340277777778
"5",4,5,2021,225.661111111111,22.5304861111111,8.15170138888889,3.09760416666666
"6",4,6,2021,224.445694444445,22.5262847222222,8.25715277777778,2.54645833333334
"7",4,7,2021,316.243472222223,22.5234375,8.35304659498208,2.43344086021506
"8",4,8,2021,242.449791666667,22.5198611111111,8.41934027777778,2.41951388888889
"9",4,9,2021,200.806458333333,22.5113541666666,8.25159722222222,2.61711805555556
"10",4,10,2021,221.866458333334,22.5083680555555,8.22767361111112,2.49114583333333
"11",4,11,2021,54.8634722222222,22.5043749999999,7.95440972222224,3.07805555555556
"12",4,12,2021,315.753055555556,22.4940972222222,7.65124999999999,2.82069444444444
"13",4,13,2021,307.246111111111,22.4835763888889,7.86065972222223,2.23222222222222
"14",4,15,2021,140.133958333333,22.5177985074627,7.94472222222222,2.22857638888889
"15",4,16,2021,106.989718309859,22.5739880952381,7.85510416666666,2.79590277777778
"16",4,17,2021,139.467746478873,22.5668154761905,7.70704861111112,3.12760416666667
"17",4,18,2021,105.053541666667,22.5580654761905,7.73562500000001,3.22444444444444
"18",4,19,2021,245.730347222222,22.5733538461539,7.72909722222221,2.94524305555555
"19",4,20,2021,166.592313432836,22.6571180555555,7.78230769230768,3.10886877828054
"20",4,21,2021,298.949930555556,22.6330902777777,7.71888888888887,3.296875
"21",4,22,2021,298.564097222222,22.5601628664495,7.64069444444445,3.44784722222222
"22",4,23,2021,263.037708333334,22.5020833333333,7.5121875,3.51982638888889
"23",4,24,2021,212.748541666667,22.513244047619,7.61902777777778,3.40694444444445
"24",4,25,2021,299.072152777778,22.5178869047618,7.77524305555554,3.10770833333333
"25",4,26,2021,262.449722222222,22.5188988095238,7.84298611111111,2.95381944444445
"26",4,27,2021,256.711527777778,22.5190178571429,7.73333333333334,2.85694444444444
"27",4,28,2021,262.590625,22.5193452380953,7.63111111111112,2.89371527777778
"28",4,29,2021,271.596805555556,22.5152678571428,7.62524305555556,2.85815972222222
"29",4,30,2021,254.508263888889,22.5138988095238,7.56319444444445,2.47482638888889
"30",2,1,2021,34.6338888888889,23.0792857142857,9.73364583333335,1.13576388888889
"31",2,2,2021,141.73447761194,23.0734523809524,9.65882882882884,1.26252252252252
"32",2,3,2021,194.759722222222,23.0684302325582,9.293125,0.635034722222222
"33",2,4,2021,180.246944444444,23.0601822916666,9.30229166666667,0.540763888888889
"34",2,5,2021,71.6102777777778,23.0546093749999,9.3444097222222,0.587743055555556
"35",2,6,2021,52.4120138888889,23.0460156249999,9.32739583333333,0.665729166666667
"36",2,7,2021,147.724652777778,23.03703125,9.39711805555557,0.608611111111112
"37",2,8,2021,116.041527777778,23.028203125,9.42190972222224,0.494756944444444
"38",2,9,2021,66.4117361111111,23.0275749318801,9.40104166666666,0.476041666666667
"39",2,10,2021,154.095,23.0141145833333,9.38135416666665,0.329444444444444
"40",2,11,2021,152.629305555555,23.0120375335119,9.28270833333334,0.389861111111111
"41",2,12,2021,120.691319444444,23.0038020833332,8.99388888888889,0.150868055555556
"42",2,13,2021,72.1390972222222,22.9985677083332,8.80145833333332,0.108958333333333
"43",2,14,2021,63.6327083333333,22.9908854166665,8.72454861111115,28.616875
"44",2,15,2021,87.666875,22.9785677083334,8.64756944444443,427.8784375
"45",2,16,2021,191.179513888889,22.9725065274152,8.63940972222222,223.240868055555
"46",2,17,2021,70.4042361111111,22.9772471910113,8.66784722222221,171.494548611111
"47",2,18,2021,187.945460992908,22.9763963963964,8.67430555555558,85.5094444444443
"48",2,19,2021,30.9197916666667,23.0063953488372,8.70503472222224,131.874479166667
"49",2,20,2021,234.781666666667,22.9453125,8.61006944444445,99.2169791666667
"50",2,21,2021,178.174722222222,22.9396874999999,8.5267361111111,23.5617708333333
"51",2,22,2021,167.769930555556,22.9322395833333,8.53666666666667,4.88625
"52",2,23,2021,229.736527777778,22.9258072916666,8.67145833333336,0.961527777777777
"53",2,24,2021,221.249583333333,22.9259635416666,8.62090277777776,1.12902777777778
"54",2,25,2021,222.052361111111,22.9188188976377,8.56059027777778,1.11201388888889
"55",2,26,2021,223.080555555555,22.9158421052632,8.57885416666666,1.07381944444444
"56",2,27,2021,195.792847222222,22.9134464751958,8.58847222222222,0.858229166666667
"57",2,28,2021,220.680763888889,22.9134745762712,8.52142361111111,1.57270833333333
"58",3,1,2021,170.239097222222,22.8918157181572,8.37652777777778,0.773715277777779
"59",3,2,2021,34.36375,22.8872872340425,8.14947916666666,0.732152777777778
"60",3,3,2021,88.0140277777777,22.8836339522545,8.19930555555555,0.7190625
"61",3,4,2021,221.535347222222,22.8763060686015,8.06291666666666,1.221875
"62",3,5,2021,207.498611111111,22.8722193211488,8.01013888888889,2.82579861111111
"63",3,6,2021,51.6297222222222,22.8623342175067,7.92652777777777,3.41899305555556
"64",3,7,2021,204.919027777778,22.8516266666667,7.91791666666665,3.36871527777778
"65",3,8,2021,198.565486111111,22.8430870712401,7.99100694444445,3.12166666666666
"66",3,9,2021,173.910208333333,22.8368947368421,8.14986111111111,3.06899305555555
"67",3,10,2021,183.189513888889,22.8162385321101,8.32461805555555,3.56364583333333
"68",3,11,2021,189.200763888889,22.7785382059801,8.40569444444446,3.16552083333333
"69",3,12,2021,193.554930555555,22.7451785714286,8.43013888888889,3.33496527777778
"70",3,13,2021,175.770208333333,22.7512797619048,8.44420138888889,3.00475694444444
"71",3,14,2021,191.747291666667,22.7676774193548,8.38854166666666,2.58559027777778
"72",3,15,2021,162.546180555556,22.7599676375404,8.30392361111111,2.541875
"73",3,16,2021,158.053263888889,22.7575161290322,8.35013888888886,2.96059027777778
"74",3,17,2021,183.547222222222,22.7539423076923,8.26468750000001,1.23420138888889
"75",3,18,2021,64.4860416666667,22.7386526946107,8.16857638888889,1.36541666666666
"76",3,19,2021,203.636041666667,22.7277602523659,8.17472222222223,1.06513888888889
"77",3,20,2021,99.9876388888889,22.7256043956044,8.15163194444444,1.23006944444444
"78",3,21,2021,28.1694444444444,22.7107692307693,8.11961805555553,1.83666666666667
"79",3,22,2021,106.937333333333,22.7196763754045,8.04422222222223,2.26444444444444
"80",3,23,2021,187.920763888889,22.7107608695652,8.25517361111109,3.1421875
"81",3,24,2021,208.249097222222,22.7087804878049,8.4729513888889,1.8390625
"82",3,25,2021,247.886013986014,22.7566403162056,8.49979166666665,4.13701388888889
"83",3,26,2021,234.555347222222,22.7605405405406,8.56611111111109,3.50947916666667
"84",3,27,2021,226.678333333333,22.757816091954,8.51482638888888,3.22979166666667
"85",3,28,2021,228.257050359712,22.7393536121673,8.29746527777777,1.71822916666667
"86",3,29,2021,169.389428571429,22.6921875,8.22652777777779,1.75760416666667
"87",3,30,2021,168.171597222222,22.6763690476191,8.31107638888889,2.09875
"88",3,31,2021,181.081805555556,22.6381446540881,8.18930555555556,1.95371527777778
"89",12,1,2020,147.438611111111,23.1102083333333,7.79190972222223,2.74215277777778
"90",12,2,2020,111.696805555556,23.1146354166667,7.89517361111112,2.65309027777778
"91",12,3,2020,120.082430555556,23.1184114583334,8.01027777777778,2.74045138888889
"92",12,4,2020,59.7806944444445,23.1189322916667,8.11916666666666,2.53097222222222
"93",12,5,2020,134.226111111111,23.1198697916666,8.11447916666666,2.45048611111111
"94",12,6,2020,69.8371527777777,23.123359375,8.07805555555556,2.50975694444444
"95",12,7,2020,81.00375,23.1296621621622,8.07756944444443,2.50684027777778
"96",12,8,2020,98.3673809523811,23.1381984334204,8.20405714285715,2.60331428571429
"97",12,10,2020,167.015416666667,23.1433681462143,8.67086206896552,1.26293103448276
"98",12,11,2020,176.937916666667,23.1465625000001,8.70402777777776,1.52659722222222
"99",12,12,2020,75.9992361111111,23.1472440944883,8.81989583333334,1.51149305555556
"100",12,13,2020,143.764583333333,23.146129032258,8.88319298245614,1.22533333333333
"101",12,14,2020,101.617152777778,23.1505208333333,8.89381944444444,1.44201388888889
"102",12,15,2020,149.726111111111,23.1509375,8.98427083333335,1.41725694444444
"103",12,16,2020,18.7232638888889,23.1525520833333,9.05381944444441,1.77288194444445
"104",12,17,2020,85.6641666666666,23.1569791666667,8.85145833333331,2.20736111111111
"105",12,18,2020,170.867083333333,23.159140625,8.98427083333336,1.96833333333333
"106",12,19,2020,112.107013888889,23.16,9.08715277777777,1.99934027777778
"107",12,20,2020,79.0488888888889,23.1599479166666,9.17770833333332,2.77381944444444
"108",12,21,2020,153.082430555556,23.1594210526315,9.31920138888888,1.73086805555555
"109",12,22,2020,167.551875,23.1594722955144,9.30628472222224,1.53979166666667
"110",12,23,2020,160.629930555556,23.1613385826771,9.28868055555558,1.45680555555556
"111",12,24,2020,113.34875,23.1629023746702,9.42277777777777,1.42673611111111
"112",12,25,2020,158.694166666667,23.1663031914894,9.57072916666665,1.71871527777778
"113",12,26,2020,140.030208333333,23.16625,9.62767361111108,2.01979166666667
"114",12,27,2020,152.580069444444,23.1662760416667,9.67024305555555,2.40284722222222
"115",12,28,2020,151.841111111111,23.1675,9.77295138888892,1.57604166666667
"116",12,29,2020,131.767847222222,23.1666927083334,9.83232638888887,1.2671875
"117",12,30,2020,123.700416666667,23.1663802083333,9.89958333333331,1.28559027777778
"118",12,31,2020,117.473472222222,23.1675781249999,9.95211805555559,1.38524305555556
"119",1,1,2021,135.676319444444,23.168828125,9.94986111111112,1.61409722222222
"120",1,2,2021,80.1386805555556,23.1665789473684,9.88072916666666,1.52423611111111
"121",1,3,2021,108.669166666667,23.1535474860335,9.79590277777779,1.92930555555556
"122",1,4,2021,168.560833333333,23.165,9.6954861111111,1.17486111111111
"123",1,5,2021,154.086666666667,23.164094488189,9.83993055555554,1.54739583333333
"124",1,6,2021,159.72875,23.1532303370787,9.73951388888891,1.85385416666666
"125",1,7,2021,103.181180555556,23.1532033426185,9.74142361111114,2.47003472222222
"126",1,8,2021,81.3959027777778,23.1619010416667,9.80392361111111,1.83038194444444
"127",1,9,2021,55.3568055555556,23.1602083333334,9.84864583333331,3.31934027777778
"128",1,10,2021,138.401597222222,23.1587239583334,9.86618055555553,3.70364583333333
"129",1,11,2021,118.905833333333,23.1575195822455,9.90267361111108,2.40701388888889
"130",1,12,2021,47.6281944444444,23.145279329609,9.98145833333335,1.90017361111111
"131",1,13,2021,59.1667361111111,23.1517447916667,10.0117708333333,2.34076388888889
"132",1,15,2021,127.916041666667,23.1383379501386,9.92315972222223,2.31993055555556
"133",1,16,2021,165.321388888889,23.1431510416668,10.0119444444445,1.84715277777778
"134",1,17,2021,131.082777777778,23.1384375000001,10.0411111111111,2.87190972222222
"135",1,18,2021,163.777569444445,23.1347135416667,10.0620138888889,2.76673611111111
"136",1,19,2021,164.102708333333,23.1257300275482,10.1058680555555,1.91899305555555
"137",1,20,2021,154.484027777778,23.1200920245398,10.1512847222222,1.2921875
"138",1,21,2021,153.631875,23.1159226190476,10.1858947368421,0.87021052631579
"139",1,22,2021,46.7224305555555,23.1122619047619,10.2837847222222,1.19239583333333
"140",1,23,2021,32.7024637681159,23.1090773809524,10.2070138888889,1.34600694444444
"141",1,24,2021,81.4765217391304,23.1053273809524,10.1676388888889,1.32246527777778
"142",1,25,2021,107.762076923077,23.1036011904762,10.0840972222222,1.34434027777778
"143",1,26,2021,118.1725,23.1002976190476,9.92524305555554,3.09715277777778
"144",1,27,2021,60.6065972222222,23.0964071856288,9.83222222222221,1.19892361111111
"145",1,28,2021,178.675,23.0926086956522,9.78461805555554,1.18451388888889
"146",1,29,2021,178.889375,23.0913392857144,9.85166666666665,0.999305555555556
"147",1,30,2021,155.635763888889,23.0883630952382,9.65729166666665,0.788506944444444
"148",1,31,2021,124.007708333333,23.0833928571429,9.63690972222222,0.797847222222222
"149",11,1,2020,76.852638888889,23.0228947368421,6.45802083333334,3.57385416666667
"150",11,2,2020,140.813402777778,23.0229581151832,6.72364583333334,3.65048611111111
"151",11,3,2020,133.540625,23.0261780104712,7.04892361111111,4.05395833333334
"152",11,4,2020,106.086180555556,23.0286089238845,7.07226480836239,4.60243902439024
"153",11,5,2020,91.9935416666667,23.0307049608355,7.19270833333333,4.333125
"154",11,6,2020,91.3159027777778,23.0440211640211,7.24881944444444,4.67833333333333
"155",11,8,2020,74.2497222222223,23.0525661375661,7.43944444444445,5.04802083333334
"156",11,7,2020,86.3197916666666,23.0506878306878,7.3575,4.97944444444445
"157",11,9,2020,32.1002083333333,23.0486578947368,7.50895833333332,5.21381944444444
"158",11,10,2020,65.3820833333334,23.0579155672823,7.60850694444444,5.39322916666667
"159",11,11,2020,30.4529166666667,23.0646825396825,7.52364583333332,5.66409722222222
"160",11,12,2020,40.2786805555556,23.0702393617021,7.42777777777779,5.43461805555556
"161",11,13,2020,50.7911111111111,23.0687862796834,7.42929078014183,6.10003546099291
"162",11,16,2020,100.967777777778,23.0823218997361,7.27423611111111,5.43138888888889
"163",11,15,2020,83.0111111111111,23.0790716180372,7.23298892988931,7.37088560885609
"164",11,17,2020,106.629791666667,23.0827368421051,7.26739583333334,5.50329861111112
"165",11,18,2020,153.726043165468,23.0789556135769,7.50119521912351,4.80494023904383
"166",11,19,2020,81.5652777777778,23.0781249999999,7.90618055555555,3.77767361111111
"167",11,20,2020,101.799861111111,23.0810156249999,7.92454861111109,3.574375
"168",11,21,2020,120.325277777778,23.0853645833333,8.0334375,3.35340277777778
"169",11,22,2020,72.3763194444445,23.0858854166667,8.10006944444443,3.63114583333334
"170",11,23,2020,158.077083333333,23.0877083333333,8.04385416666667,3.2684375
"171",11,24,2020,142.562569444444,23.0921354166667,8.02760416666666,3.01201388888889
"172",11,25,2020,145.30375,23.0957552083333,7.97847222222222,3.4134375
"173",11,26,2020,134.452777777778,23.0983333333333,8.0142013888889,3.08302083333333
"174",11,27,2020,146.250277777778,23.1003385416666,8.01065972222225,2.78711805555556
"175",11,28,2020,89.8908333333334,23.1035937499999,8.00940972222223,2.28708333333333
"176",11,29,2020,51.1336805555556,23.1060677083333,7.77500000000001,2.58621527777778
"177",11,30,2020,140.444861111111,23.1080989583333,7.62388888888889,2.61902777777778
"178",9,1,2020,260.024375,22.7379687500001,5.73545138888889,8.08017361111111
"179",9,2,2020,345.780833333333,22.741015625,5.87267361111111,9.50114583333333
"180",9,3,2020,322.580625,22.7447656250001,6.05246527777777,9.63041666666667
"181",9,4,2020,244.951770833333,22.7501302083334,6.1640625,14.0216319444444
"182",9,6,2020,200.952083333333,22.7578125000002,5.42520833333334,20.4505208333333
"183",9,7,2020,200.125,22.7609375,5.40972222222222,21.9440277777778
"184",9,8,2020,202.034583333333,22.764765625,5.30569444444445,20.2043055555555
"185",9,9,2020,218.756458333333,22.7694791666666,5.38833333333332,22.6942361111111
"186",9,10,2020,110.802142857143,22.7737239583332,5.42263157894737,24.174976076555
"187",9,12,2020,147.7971875,22.7814843749999,5.55458333333333,5.75111111111111
"188",9,13,2020,181.758958333333,22.7863020833332,5.66489583333333,5.85902777777778
"189",9,14,2020,154.112083333333,22.7911718749999,5.82996527777779,6.69583333333334
"190",9,11,2020,127.419166666667,22.7784635416665,5.52229166666667,5.36010416666667
"191",9,15,2020,101.028854166667,22.7978124999999,5.70364583333334,6.57940972222222
"192",9,16,2020,130.689270833333,22.8028124999999,5.71934027777778,6.6896875
"193",9,17,2020,102.055729166667,22.80515625,6.02340277777779,6.91736111111111
"194",9,18,2020,191.303645833333,22.8084895833333,6.10496527777778,6.82340277777778
"195",9,19,2020,47.5913541666667,22.8127604166666,6.26072916666667,6.836875
"196",9,20,2020,43.47375,22.81875,6.34307142857144,6.52696428571429
"197",9,21,2020,143.1853125,22.8248697916667,6.47322916666667,6.22256944444444
"198",9,23,2020,158.6790625,22.8320052083333,6.86256944444446,6.32888888888889
"199",9,24,2020,246.883898305085,22.8343229166666,6.90409722222223,6.60454861111111
"200",9,25,2020,223.8775,22.8390364583333,6.90416666666667,6.96947916666667
"201",9,22,2020,158.859479166667,22.8278124999999,6.77489583333332,6.06684027777778
"202",9,26,2020,209.434513888889,22.8433333333333,6.93215277777778,7.21458333333333
"203",9,27,2020,77.1630555555556,22.8472395833332,6.91774305555555,7.71722222222223
"204",9,28,2020,96.3736111111111,22.8538020833334,6.8853125,6.96670138888889
"205",9,29,2020,116.079166666667,22.8601302083334,6.5958596491228,5.79263157894737
"206",9,30,2020,207.313402777778,22.8650781250001,6.59722222222223,5.30107638888889
"207",7,1,2020,175.750138888889,22.5434895833335,6.61090277777778,4.37510416666667
"208",7,2,2020,195.821180555556,22.5447395833334,6.21565972222223,5.40277777777778
"209",7,3,2020,143.131805555556,22.5478645833334,6.28618055555555,4.76836805555556
"210",7,5,2020,150.432916666667,22.5489322916667,5.82336805555556,4.79881944444444
"211",7,4,2020,182.061194029851,22.5487760416667,5.97340277777779,4.72559027777778
"212",7,6,2020,150.9365625,22.5509375,5.79249999999999,5.33982638888889
"213",7,7,2020,183.066354166667,22.5538020833334,5.8505574912892,4.2079094076655
"214",7,8,2020,199.8746875,22.5543489583333,6.07906250000001,4.1796875
"215",7,9,2020,260.178020833333,22.5560416666667,6.21243055555555,4.52725694444445
"216",7,10,2020,260.5196875,22.559609375,6.56880952380952,3.80238095238095
"217",7,12,2020,315.6053125,22.563671875,6.58175438596491,1.88508771929825
"218",7,13,2020,275.807083333333,22.5659635416667,6.5107299270073,1.99346715328467
"219",7,14,2020,276.240520833333,22.5684895833334,6.50908127208481,1.73424028268551
"220",7,15,2020,0.933124999999999,22.57109375,6.45622047244094,1.8444094488189
"221",7,19,2020,281.551145833333,22.5802864583334,6.00956204379562,1.58131386861314
"222",7,20,2020,286.3709375,22.5826302083334,5.94897163120567,1.43950354609929
"223",7,17,2020,231.509166666667,22.577109375,6.11859437751003,1.6444578313253
"224",7,21,2020,271.3015625,22.5856510416667,6.01953900709219,1.37234042553191
"225",7,22,2020,253.510104166667,22.5878906250001,5.83347517730496,1.4304609929078
"226",7,23,2020,200.861145833333,22.5912760416668,5.67535460992909,1.5945390070922
"227",7,24,2020,337.2375,22.5942447916667,5.68698581560284,1.64858156028369
"228",7,26,2020,346.990625,22.5997395833334,6.0581914893617,1.72648936170213
"229",7,27,2020,313.374375,22.6026041666668,6.00766423357664,1.5029197080292
"230",7,25,2020,358.371979166667,22.5959114583334,5.95563829787234,1.57709219858156
"231",7,28,2020,261.929479166667,22.6040625000001,6.03677304964539,1.52106382978723
"232",7,29,2020,191.0240625,22.6075781250001,5.94326241134752,1.83386524822695
"233",7,30,2020,298.1840625,22.6113281250001,5.89946808510638,1.8609219858156
"234",7,31,2020,79.1015517241379,22.6135677083335,6.10312500000001,1.14244318181818
"235",8,1,2020,370.357708333333,22.6149218750001,6.01,0.95
"236",8,2,2020,267.96875,22.6198697916666,6.24121212121212,1.26070707070707
"237",8,3,2020,313.684270833333,22.6218229166666,6.05507092198581,1.21216312056738
"238",8,4,2020,341.897395833333,22.62640625,6.24879562043795,0.97543795620438
"239",8,5,2020,363.044166666667,22.629921875,6.15271126760564,1.12922535211268
"240",8,6,2020,299.474583333333,22.6326041666667,6.04466431095406,1.14830388692579
"241",8,7,2020,216.420625,22.6358072916667,5.80379432624114,1.42652482269504
"242",8,9,2020,382.769479166667,22.6440104166666,5.8772695035461,1.43482269503546
"243",8,10,2020,377.876458333333,22.64875,5.93822695035462,1.67673758865248
"244",8,8,2020,349.513541666667,22.6391927083333,5.53620567375887,1.50117021276596
"245",8,11,2020,142.2575,22.6508593750001,5.98113475177305,2.25202127659575
"246",8,12,2020,311.023229166667,22.654453125,5.74769503546099,2.81911347517731
"247",8,13,2020,316.69375,22.6575520833333,6.1240780141844,2.57166666666667
"248",8,14,2020,368.647916666667,22.6630989583334,6.16654471544715,2.92638211382114
"249",8,18,2020,183.898020833333,22.6756770833333,6.00238596491228,3.29691228070175
"250",8,17,2020,190.383229166667,22.6719010416667,6.37852941176471,2.68529411764706
"251",8,19,2020,237.779895833333,22.6824479166667,5.71913194444445,3.19413194444445
"252",8,20,2020,191.5421875,22.6892708333334,5.51975694444444,3.23440972222222
"253",8,21,2020,127.914166666667,22.6946614583334,5.70885416666666,2.99170138888889
"254",8,22,2020,145.2421875,22.6977083333333,5.57527777777778,3.22760416666667
"255",8,24,2020,237.180416666667,22.7065885416666,5.4616724738676,2.79780487804878
"256",8,25,2020,284.034583333333,22.7104427083332,5.69519083969465,2.91927480916031
"257",8,23,2020,243.362291666667,22.7013541666666,5.45152777777778,2.65246527777778
"258",8,26,2020,285.444479166667,22.7140104166666,5.90291666666667,2.45267361111111
"259",8,28,2020,230.867083333333,22.721875,5.7025,2.70458333333333
"260",8,27,2020,228.033854166667,22.7171354166666,5.98083333333334,2.5684375
"261",8,29,2020,185.870520833333,22.724453125,5.69934027777778,3.17673611111111
"262",8,30,2020,203.686458333333,22.727265625,5.80378472222222,4.0134375
"263",8,31,2020,155.810729166667,22.731953125,5.76312499999999,5.84440972222222
"264",10,1,2020,190.722430555555,22.8681510416668,6.41152777777778,6.02864583333333
"265",10,2,2020,143.211805555556,22.8708593750001,6.44350694444445,5.66170138888889
"266",10,3,2020,104.10875,22.8752343750001,6.56670138888889,5.92201388888889
"267",10,4,2020,32.5311111111111,22.8790885416667,6.654375,5.81802083333333
"268",10,5,2020,39.7533333333333,22.8832291666667,6.56736111111111,5.16277777777778
"269",10,6,2020,134.6625,22.8877864583333,6.39184027777776,5.283125
"270",10,7,2020,168.972647058823,22.8946875,6.35038961038961,4.93922077922078
"271",10,8,2020,137.487777777778,22.8978125,6.39902777777777,3.05447916666667
"272",10,9,2020,154.444583333333,22.9046614583334,6.39864583333333,3.74642361111111
"273",10,10,2020,170.679375,22.9095312500001,6.46718750000001,3.99586805555556
"274",10,11,2020,175.15828125,22.9154166666668,6.53860215053763,5.01715053763441
"275",10,12,2020,144.509791666667,22.9222135416668,6.64645833333333,5.98767361111111
"276",10,13,2020,203.220422535211,22.9293229166668,6.75986111111111,5.68791666666667
"277",10,14,2020,164.363125,22.9353448275862,6.73284722222223,6.12951388888889
"278",10,15,2020,183.863888888889,22.9449218750001,6.56774305555556,6.15489583333333
"279",10,16,2020,178.475915492958,22.9481201044387,6.18319444444445,5.57048611111111
"280",10,17,2020,165.839583333333,22.9499739583334,6.57309027777778,4.95538194444445
"281",10,18,2020,142.445486111111,22.9574151436031,6.64805555555555,4.78177083333334
"282",10,19,2020,119.766388888889,22.9593229166665,6.63770833333334,4.71371527777778
"283",10,20,2020,99.4442361111111,22.9622656249999,6.58204861111111,4.63260416666667
"284",10,21,2020,58.1288888888889,22.9694240837696,6.51194444444444,5.06152777777778
"285",10,22,2020,124.81125,22.9704687499999,6.408125,6.46107638888889
"286",10,23,2020,102.003055555556,22.9777486910994,6.40260416666666,5.70236111111111
"287",10,24,2020,124.967569444444,22.9836220472441,6.476875,3.58385416666666
"288",10,25,2020,152.19125,22.9853002610966,6.36788194444446,3.23322916666667
"289",10,26,2020,139.163541666667,22.99222513089,6.48625,3.87628472222222
"290",10,27,2020,110.269444444444,22.99640625,6.48802083333333,3.97590277777778
"291",10,28,2020,140.500972222222,23.0047382198952,6.45718750000001,3.92173611111111
"292",10,29,2020,135.756041666667,23.0057441253263,6.65284722222222,4.0803125
"293",10,30,2020,130.636805555556,23.0111052631579,6.75930313588851,3.7080487804878
"294",10,31,2020,118.208680555556,23.0199206349207,6.561875,3.40572916666667
"295",1,2,2018,38.3611458333333,22.9741369047618,8.72993055555555,1.18055555555556
"296",1,3,2018,39.0814583333333,22.9737202380952,9.07552083333332,1.15677083333333
"297",1,1,2018,14.67625,22.9806547619047,8.34496527777775,0.967881944444445
"298",1,4,2018,110.599270833333,22.9575595238096,9.30285714285713,1.07581881533101
"299",1,5,2018,68.0950847457627,22.9518750000001,9.4184375,1.091875
"300",6,1,2018,194.653655913979,22.1064322916667,6.06079861111112,1.35288194444444
"301",6,2,2018,180.856631578947,22.1254166666666,6.61062499999999,1.91850694444444
"302",6,3,2018,147.176,22.1440364583333,6.87440972222222,2.44288194444445
"303",6,4,2018,163.673263157895,22.154296875,6.89875,1.96659722222222
"304",6,6,2018,55.6446875,22.1729687499999,6.84163194444445,2.39
"305",6,7,2018,172.080222222222,22.1761087866108,6.20176229508197,2.19487704918033
"306",6,5,2018,218.6340625,22.1738802083333,6.98090277777778,1.68173611111111
"307",6,8,2018,154.280842105263,22.1787239583333,6.34319444444443,1.54555555555555
"308",6,10,2018,145.490520833333,22.1852083333334,6.51041666666667,1.62822916666667
"309",6,11,2018,155.415789473684,22.1861979166666,6.25628472222222,1.82420138888889
"310",6,9,2018,182.697634408602,22.1827604166666,6.39121527777779,1.89180555555556
"311",6,12,2018,99.001914893617,22.1909895833334,6.30586805555555,1.57927083333333
"312",6,13,2018,198.516979166667,22.1965885416666,5.86131944444445,1.77097222222222
"313",6,14,2018,126.080963855422,22.1990517241379,6.11760416666667,1.72076388888889
"314",6,15,2018,162.32875,22.201796875,6.48291666666666,1.51423611111111
"315",6,16,2018,50.7168571428572,22.2051822916666,6.56493243243243,1.64155405405405
"316",6,17,2018,112.950571428571,22.2121874999999,6.03757352941176,1.35529411764706
"317",6,18,2018,136.038351648352,22.2139843749999,6.18336805555556,1.56208333333333
"318",6,20,2018,156.251827956989,22.2215104166666,6.00844696969697,1.47056818181818
"319",6,21,2018,147.50975308642,22.2740517241379,5.75814432989691,1.6890206185567
"320",6,19,2018,157.635157894737,22.21125,6.01713675213675,1.79401709401709
"321",6,23,2018,212.914634146342,22.2247916666666,6.13327014218009,1.53336492890995
"322",6,24,2018,177.749473684211,22.22234375,6.43965277777777,1.45659722222222
"323",6,25,2018,203.761595744681,22.2246875,6.4465625,1.23965277777778
"324",6,22,2018,170.808111111111,22.2333333333334,5.665625,1.76149305555556
"325",6,26,2018,145.030212765957,22.2249999999999,6.48104166666667,1.50444444444444
"326",6,27,2018,51.48,22.2185714285714,5.87524861878453,1.87149171270718
"327",6,28,2018,275.961090909091,22.2274774774775,5.77385892116184,1.60601659751037
"328",6,29,2018,68.1233333333333,22.2340885416666,5.70872180451128,1.77654135338346
"329",8,1,2018,89.229375,22.4010937500001,5.34651567944251,7.61529616724739
"330",8,2,2018,137.3896875,22.4029296875001,5.77354166666666,7.60083333333333
"331",8,3,2018,196.405416666667,22.4062760416667,5.34024305555556,7.29916666666666
"332",8,4,2018,195.3403125,22.4090104166667,6.23451388888888,7.06038194444445
"333",8,5,2018,185.326458333333,22.412265625,6.52107638888889,5.61954861111111
"334",8,6,2018,157.116979166667,22.4133854166667,6.76504901960784,6.2646568627451
"335",8,16,2018,147.181875,22.4656818181819,5.07401785714286,-0.0261607142857142
"336",8,17,2018,111.862395833333,22.4723697916666,5.07868055555554,-0.0245486111111111
"337",8,18,2018,142.253020833333,22.474609375,5.07614583333331,-0.0257291666666667
"338",8,19,2018,142.7221875,22.4771614583334,5.09847222222221,-0.0275694444444445
"339",8,20,2018,123.9778125,22.4843229166667,5.10644366197183,-0.0244366197183098
"340",8,21,2018,100.119479166667,22.4991927083334,5.10311355311356,-0.0265934065934066
"341",8,22,2018,101.975520833333,22.5058333333334,5.10715789473685,-0.0243859649122807
"342",8,23,2018,162.781354166667,22.510703125,5.12867256637168,-0.0265044247787611
"343",8,24,2018,72.6419791666667,22.5200520833333,5.13608695652174,-0.0269169960474308
"344",8,25,2018,108.993541666667,22.5859635416666,5.10742160278744,-0.02397212543554
"345",8,27,2018,82.1333333333333,22.5772916666666,5.12833333333334,-0.025679012345679
"346",8,26,2018,79.81125,22.5818489583333,5.12250000000001,-0.0220138888888889
"347",8,28,2018,77.3416666666667,22.576640625,5.39263157894737,2.47263157894737
"348",8,29,2018,49.3461333333333,22.5817447916666,4.10956834532374,2.79964028776978
"349",8,30,2018,50.3194791666667,22.5982031249999,3.72868055555556,2.84267361111111
"350",8,31,2018,100.279166666667,22.601484375,3.8146875,2.47309027777778
"351",8,1,2019,153.266280991736,22.4688450704225,6.68722972972973,4.84587837837838
"352",8,2,2019,151.22826446281,22.4876822916667,5.98914893617021,4.06127659574468
"353",8,3,2019,198.53305785124,22.491953125,5.71075862068966,2.94193103448276
"354",8,4,2019,178.794274193548,22.4999468085106,6.42905063291139,2.57341772151899
"355",8,5,2019,174.629112903226,22.5084823848239,6.58704402515723,2.10018867924528
"356",8,6,2019,207.099593495935,22.5163387978142,6.40409090909091,1.46733766233766
"357",8,9,2019,162.297152777778,22.5349725274726,6.07659722222223,1.33274305555556
"358",8,8,2019,186.331557377049,22.5303305785124,5.62291390728477,1.48278145695364
"359",8,7,2019,93.2104132231405,22.5227222222222,6.10315068493151,1.80315068493151
"360",8,10,2019,175.522442748092,22.5407923497268,6.37191176470588,1.05338235294118
"361",8,11,2019,169.86728,22.5473698630137,6.36111801242235,0.780931677018634
"362",8,12,2019,176.841951219512,22.5626229508196,2.10956204379562,0.283576642335766
"363",8,14,2019,119.167477477478,22.5863783783784,4.13098591549296,0.728450704225352
"364",8,15,2019,118.131196581197,22.586273458445,5.11815602836879,1.46184397163121
"365",8,13,2019,172.214214876033,22.5938964577657,0.2,-0.0475694444444444
"366",8,16,2019,67.5776068376068,22.5909814323608,4.62565217391304,1.78365217391304
"367",8,17,2019,63.4802608695652,22.6051752021564,4.91628571428572,1.74809523809524
"368",8,18,2019,92.4511764705882,22.6118666666667,4.83093023255814,1.64263565891473
"369",8,19,2019,172.738347107438,22.6131926121372,4.94650684931507,1.55801369863014
"370",8,20,2019,177.949830508475,22.6157742782152,5.42918699186992,1.63105691056911
"371",8,22,2019,275.601239669422,22.6236553524803,5.88308724832214,1.88013422818792
"372",8,23,2019,268.318852459016,22.6281249999999,6.30181208053691,1.91181208053691
"373",8,21,2019,222.212644628099,22.6189973614775,5.45917808219178,2.01438356164384
"374",8,25,2019,199.006033057851,22.6372656249999,6.05414285714286,2.07592857142857
"375",8,26,2019,232.760588235294,22.6432552083333,5.59251908396946,2.02511450381679
"376",8,24,2019,262.251147540984,22.6321354166666,6.20845637583892,2.01268456375839
"377",8,27,2019,196.0045,22.6509635416666,5.529,2.22942857142857
"378",8,28,2019,304.752666666667,22.6652034883721,5.57677966101695,1.96949152542373
"379",8,29,2019,296.154545454545,22.6845052083334,6.03249999999999,1.68689189189189
"380",8,30,2019,123.285983606557,22.6891145833333,5.40055555555556,2.51375
"381",8,31,2019,209.685409836066,22.699921875,4.99943661971831,2.01760563380282
"382",12,1,2018,17.7629310344828,22.9470833333333,3.82018867924528,3.29490566037736
"383",12,2,2018,70.0657746478873,22.9447395833333,4.37481203007519,3.1312030075188
"384",12,3,2018,44.7769841269841,22.943203125,0.302875,3.381125
"385",12,5,2018,126.693661971831,22.949,3.70353535353535,2.22565656565657
"386",12,4,2018,146.094202898551,22.9468595041323,4.05314049586777,2.16900826446281
"387",12,9,2018,68.90825,22.93671875,7.70863387978142,1.10497267759563
"388",12,6,2018,59.9597674418605,22.9464062499999,8.01,0.45
"389",12,7,2018,204.554637681159,22.9432031249999,7.6436641221374,1.01374045801527
"390",12,10,2018,28.4895833333334,22.9328385416666,7.95722222222221,1.01638888888889
"391",12,11,2018,96.4502325581395,22.9309895833333,8.03204444444444,1.17591111111111
"392",12,12,2018,97.2953703703704,22.9295572916666,7.9636,0.8824
"393",12,13,2018,56.0071875,22.927265625,7.91420454545456,0.922386363636364
"394",12,14,2018,10.0142528735632,22.9166406249999,7.8070796460177,1.40743362831858
"395",12,15,2018,91.514705882353,22.84104,7.49965811965813,1.10846153846154
"396",12,16,2018,162.190117647059,22.8448511904761,7.49105990783409,1.00377880184332
"397",12,17,2018,125.14652173913,22.853125,7.84178988326849,1.13443579766537
"398",12,18,2018,153.044505494505,22.8516369047619,7.94146938775511,1.406
"399",12,19,2018,81.07,22.8501492537313,7.966484375,1.346328125
"400",12,20,2018,26.9045833333333,22.8291666666666,8.071875,1.37482638888889
"401",12,21,2018,113.080617283951,22.7594047619048,8.26739583333334,1.16104166666667
"402",12,22,2018,160.073902439024,22.7497619047619,8.45705583756343,1.16786802030457
"403",12,23,2018,136.989166666667,22.7708035714286,8.43680555555556,1.50666666666667
"404",12,24,2018,132.021770833333,22.7844047619048,8.4195486111111,1.1378125
"405",12,25,2018,133.767395833333,22.7907142857143,8.41642361111113,0.996249999999999
"406",12,26,2018,109.035208333333,22.7952083333334,8.46690972222224,1.02076388888889
"407",12,27,2018,77.0729166666666,22.8004761904762,8.59628472222222,1.07645833333333
"408",12,28,2018,58.0641666666667,22.8025595238096,8.47753472222222,1.15215277777778
"409",12,29,2018,63.8258333333333,22.7916666666667,8.41354166666667,1.26131944444444
"410",12,30,2018,56.1398958333333,22.7826785714286,8.30493055555556,1.35746527777778
"411",12,31,2018,123.6203125,22.7825297619048,8.2370486111111,1.06597222222222
"412",2,1,2019,78.6054166666667,22.2064285714286,9.13638888888887,0.941805555555556
"413",2,2,2019,60.4805555555556,22.3179635258359,9.41309027777779,0.997534722222222
"414",2,3,2019,28.7784027777778,22.3182934131737,9.54232638888887,0.89125
"415",2,4,2019,89.4361111111112,22.3352870090635,9.57628472222222,0.69
"416",2,6,2019,134.756805555555,22.372416918429,9.55489583333333,0.27125
"417",2,7,2019,130.41125,22.389696969697,9.5196875,0.184965277777778
"418",2,5,2019,139.672013888889,22.3425075528701,9.57375000000001,0.577986111111111
"419",2,8,2019,150.079444444444,22.3921385542169,9.509375,0.126145833333333
"420",2,9,2019,78.3729861111111,22.3874397590362,9.54083333333334,0.167083333333333
"421",2,10,2019,54.1092361111111,22.421696969697,9.54204861111112,0.318506944444445
"422",2,11,2019,98.9759420289856,22.430775862069,9.43044715447154,0.283008130081301
"423",2,12,2019,98.7268055555555,22.4650781250001,9.19746527777778,0.0848263888888889
"424",2,14,2019,131.600625,22.4507552083334,9.0155982905983,0.0417094017094017
"425",2,13,2019,55.8586111111111,22.4532812500001,9.13722222222224,0.0709401709401709
"426",2,15,2019,109.418194444444,22.4586197916668,9.01694915254238,0.095593220338983
"427",2,16,2019,104.748888888889,22.461171875,8.99987068965519,0.0538793103448276
"428",2,17,2019,103.761458333333,22.4485677083334,9.02077586206895,0.10676724137931
"429",2,18,2019,114.734583333333,22.43953125,9.0049356223176,0.0717167381974249
"430",2,20,2019,65.197519379845,22.4391145833334,8.97324675324677,0.14974025974026
"431",2,19,2019,46.5254166666666,22.4326041666667,8.99320346320347,0.149004329004329
"432",2,21,2019,149.238684210526,22.4348177083334,8.90931623931625,0.0566666666666667
"433",2,22,2019,115.655984251969,22.4297656250001,8.77465811965811,0.0988888888888889
"434",2,23,2019,153.382831858407,22.4269531250001,8.69017167381978,0.0329184549356223
"435",2,24,2019,82.0031884057971,22.4256510416667,8.61655172413792,0.120301724137931
"436",2,25,2019,214.618157894737,22.4095572916668,8.56262295081964,0.15733606557377
"437",2,26,2019,26.7094244604316,22.4109375,8.42447916666666,0.352361111111111
"438",2,28,2019,180.442912621359,22.4146875,8.36295698924731,0.181451612903226
"439",2,27,2019,110.616923076923,22.4159114583333,8.33225694444442,0.483333333333334
"440",7,1,2019,206.679112903226,22.2894642857143,5.98414012738854,0.906305732484076
"441",7,2,2019,238.834016393443,22.2860240963855,6.00274647887324,0.694859154929577
"442",7,3,2019,134.746666666667,22.2886486486487,6.06647058823529,0.6125
"443",7,4,2019,217.070084745763,22.2974404761905,5.7700826446281,0.514380165289256
"444",7,6,2019,146.750254237288,22.305104477612,4.80275862068966,0.972672413793103
"445",7,7,2019,135.367107438017,22.3055421686747,4.72057142857143,0.893142857142857
"446",7,5,2019,109.740964912281,22.3007738095238,5.06484536082474,0.694432989690721
"447",7,8,2019,212.495,22.3173134328358,4.64409722222222,0.889861111111111
"448",7,9,2019,176.996083333333,22.3233532934131,5.07224,0.71536
"449",7,10,2019,167.368833333333,22.3292814371256,5.20314285714285,0.858714285714286
"450",7,11,2019,202.044758064516,22.3374107142856,5.17114649681529,0.709617834394905
"451",7,12,2019,194.669426229508,22.3433633633633,4.89228758169934,0.727581699346405
"452",7,13,2019,215.416885245902,22.3487650602409,4.8396,0.786866666666667
"453",7,14,2019,235.635241935484,22.3538738738739,5.2506875,0.523625
"454",7,15,2019,200.428863636364,22.3601194029851,5.70255924170616,0.579052132701422
"455",7,16,2019,164.797083333333,22.3662686567164,5.56954861111111,0.676805555555556
"456",7,17,2019,120.336142857143,22.3717664670658,5.419,0.85004
"457",7,18,2019,189.525161290323,22.3911641791044,4.48774390243902,1.2609756097561
"458",7,19,2019,107.833680555556,22.3932835820895,5.10263888888888,1.23475694444444
"459",7,20,2019,192.436585365854,22.3972754491018,4.91591194968553,1.67955974842767
"460",7,21,2019,140.281111111111,22.403343283582,5.02601156069364,1.77543352601156
"461",7,22,2019,182.13893442623,22.4075748502994,4.57385620915033,1.69588235294118
"462",7,23,2019,147.6,22.4092814371258,4.98,1.73048611111111
"463",7,24,2019,60.9072093023256,22.4169552238806,4.87473958333332,2.18041666666667
"464",7,25,2019,108.378861788618,22.4287125748504,4.83352941176471,1.75084967320261
"465",7,26,2019,58.4167692307693,22.4336227544911,4.71165829145729,2.25226130653266
"466",7,28,2019,121.695161290323,22.4374320241692,5.37639751552795,2.27788819875776
"467",7,27,2019,145.424634146341,22.4367267267268,4.74612903225807,1.84283870967742
"468",7,29,2019,148.966259541985,22.4438323353293,5.38311881188119,2.75985148514851
"469",7,30,2019,209.678387096774,22.4477910447761,6.02198675496689,3.03185430463576
"470",7,31,2019,185.711788617886,22.4514371257484,6.60103225806451,4.06122580645161
"471",5,1,2019,221.330991735537,22.144765625,7.64795138888888,0.136354166666666
"472",5,2,2019,174.384366197183,22.1458072916667,7.59368055555557,0.140347222222222
"473",5,3,2019,114.365625,22.145625,7.60076388888887,0.214375
"474",5,4,2019,207.795555555556,22.143203125,7.53697916666667,0.185972222222222
"475",5,5,2019,61.5872222222222,22.142578125,7.34920138888889,0.328506944444444
"476",5,6,2019,222.301875,22.1240885416666,6.54402777777778,0.405451388888889
"477",5,7,2019,235.11125,22.1216145833333,6.87496527777778,0.256458333333333
"478",5,8,2019,237.654791666667,22.1287760416667,7.17538194444444,0.291770833333333
"479",5,9,2019,128.5278125,22.1330989583333,7.08380710659898,0.409695431472081
"480",5,10,2019,259.044146341463,22.13625,7.14711805555556,0.368958333333333
"481",5,11,2019,231.896666666667,22.1369791666667,7.16565972222223,0.368993055555556
"482",5,12,2019,209.831875,22.1384114583334,7.35888888888889,0.3178125
"483",5,13,2019,130.517777777778,22.1403385416666,7.1503125,0.447465277777778
"484",5,14,2019,239.306458333333,22.1401822916667,6.50212355212355,0.55011583011583
"485",5,15,2019,245.720277777778,22.1401041666667,6.39000000000001,0.518854166666666
"486",5,17,2019,241.689861111111,22.142109375,6.58090277777777,0.414236111111111
"487",5,18,2019,240.160833333333,22.1422916666666,6.67006944444445,0.399166666666666
"488",5,19,2019,266.009791666667,22.141875,6.61524305555555,0.453993055555556
"489",5,20,2019,246.593888888889,22.1416145833333,6.72788194444444,0.366215277777778
"490",5,22,2019,255.413263888889,22.1476302083333,7.1098263888889,0.266458333333333
"491",5,23,2019,220.623714285714,22.1499218749999,6.97446886446885,0.363113553113553
"492",5,21,2019,257.578819444444,22.1433333333333,6.96152777777778,0.288368055555556
"493",5,24,2019,268.630416666667,22.152109375,6.54627450980392,0.401699346405229
"494",5,25,2019,249.350347222222,22.155390625,6.7275,0.27875
"495",5,26,2019,263.508125,22.1536458333333,6.5957638888889,0.326875
"496",5,27,2019,239.639166666667,22.1535937499999,6.66770833333334,0.257673611111111
"497",5,28,2019,187.185069444444,22.154765625,6.71114583333333,0.230868055555555
"498",5,29,2019,251.662986111111,22.1635677083334,6.16732638888889,0.291840277777778
"499",5,30,2019,255.985972222222,22.16375,6.17256944444444,0.282222222222222
"500",5,31,2019,179.368333333333,22.1656770833334,6.33059027777779,0.285694444444444
"501",4,1,2019,31.111328125,22.2467277486911,8.68258426966294,0.726516853932584
"502",4,2,2019,219.729139784946,22.2386161879896,8.01349206349206,1.13222222222222
"503",4,3,2019,216.143548387097,22.2277486910995,8.02322916666667,1.20253472222222
"504",4,5,2019,118.725111111111,22.2223421052631,8.4226041666667,0.968055555555555
"505",4,4,2019,215.89185840708,22.2257853403141,8.15767361111111,1.01482638888889
"506",4,6,2019,135.345486111111,22.2190813648294,8.60993055555553,0.8753125
"507",4,8,2019,79.25578125,22.2150652741514,8.62782407407406,0.564490740740741
"508",4,9,2019,130.936805555556,22.208093994778,8.43305555555559,0.447708333333333
"509",4,7,2019,174.110583941606,22.214947643979,8.65569444444443,0.634097222222222
"510",4,10,2019,160.109097222222,22.2076302083333,8.37187499999997,0.422118055555555
"511",4,11,2019,137.251736111111,22.2002624671916,8.32694444444443,0.354166666666667
"512",4,12,2019,189.208041958042,22.1993472584856,8.29086805555555,0.331770833333333
"513",4,13,2019,140.078958333333,22.1996335078534,8.23666666666669,0.328125
"514",4,14,2019,115.184166666667,22.1957519788918,8.11399305555552,0.304722222222222
"515",4,15,2019,229.509652777778,22.1955874673629,7.87854166666667,0.199895833333333
"516",4,16,2019,217.72,22.1894750656168,7.84965277777775,0.215173611111111
"517",4,18,2019,198.582222222222,22.1941145833333,7.67128472222223,0.190034722222222
"518",4,17,2019,168.393194444444,22.1940364583333,7.6856204379562,0.185620437956204
"519",4,19,2019,61.9246478873239,22.188465909091,7.58805555555555,0.299548611111111
"520",4,20,2019,213.193157894737,22.1754427083334,6.92305555555555,0.524340277777778
"521",4,21,2019,241.840347222222,22.1769270833334,6.97965277777778,0.570659722222222
"522",4,22,2019,244.104513888889,22.1734895833334,7.08229166666667,0.381388888888889
"523",4,23,2019,236.315972222222,22.1588020833334,7.14232638888888,0.192013888888889
"524",4,24,2019,220.295486111111,22.1355989583334,7.33173611111111,0.111597222222222
"525",4,25,2019,206.013916083916,22.1515885416667,7.50181818181818,0.0943272727272727
"526",4,26,2019,143.279305555556,22.15515625,7.66701388888888,0.114618055555556
"527",4,27,2019,248.752720588235,22.1525520833334,7.43152777777779,0.108506944444444
"528",4,28,2019,250.276985294118,22.1520572916667,7.33628472222223,0.0909722222222222
"529",4,29,2019,240.454887218045,22.1469270833333,7.45489583333333,0.0710416666666667
"530",4,30,2019,193.616083333333,22.1455989583333,7.6446875,0.125069444444444
"531",1,1,2020,163.914097222222,23.0394502617801,8.67784722222223,1.77427083333333
"532",1,2,2020,159.811063829787,23.041044386423,8.24357692307693,1.52703846153846
"533",1,3,2020,176.402314049587,23.0408854166667,8.28851063829788,1.5041134751773
"534",1,4,2020,61.969375,23.036875,8.39291666666667,1.54972222222222
"535",1,6,2020,171.008958333333,23.0289583333333,7.95586805555555,1.80274305555556
"536",1,7,2020,159.492430555555,23.0241994750657,7.95677083333333,1.76079861111111
"537",1,5,2020,180.045714285714,23.0264490861619,8.19121093749999,1.645234375
"538",1,8,2020,168.497638888889,23.0226892950392,8.04006944444445,1.7825
"539",1,10,2020,132.382152777778,23.0199737532808,8.29604166666666,1.9415625
"540",1,11,2020,113.7624,23.0166492146596,8.52065088757397,1.89840236686391
"541",1,9,2020,142.40125,23.0197127937337,8.02648083623694,1.88344947735192
"542",1,12,2020,146.459652777778,23.0134293193717,8.67357638888891,1.71371527777778
"543",1,13,2020,147.188333333333,23.0091122715405,8.64274305555556,1.53663194444444
"544",1,14,2020,141.225694444445,23.0050789473684,8.5984027777778,1.43746527777778
"545",1,16,2020,129.581666666667,22.9965274151436,8.4015625,1.47131944444444
"546",1,17,2020,178.14536,22.9841160949867,8.2235975609756,1.9725
"547",1,18,2020,154.728333333333,22.9864397905758,8.2402777777778,1.93524305555556
"548",1,15,2020,168.276944444444,23.0024281984334,8.47065972222223,1.418125
"549",1,19,2020,96.1114583333334,22.9886718749999,8.23944055944057,1.80748251748252
"550",1,20,2020,200.866722689076,22.9805468749999,8.04774436090226,2.34616541353384
"551",1,21,2020,166.429861111111,22.9720157068062,7.82687500000001,2.67243055555556
"552",1,22,2020,105.804195804196,22.9687958115183,8.18594202898552,2.49873188405797
"553",1,23,2020,82.3009401709402,22.9648293963254,8.46338709677419,2.34395161290323
"554",1,24,2020,89.9527777777778,22.9606842105262,8.42781250000001,2.41152777777778
"555",1,25,2020,165.920347222222,22.9602872062663,8.52923611111112,2.05586805555555
"556",1,27,2020,60.8758333333333,22.9464465408805,8.33166666666666,2.25572916666667
"557",1,28,2020,151.217569444444,22.9189033942558,8.25937500000001,2.25475694444444
"558",1,26,2020,122.726944444444,22.9557180156658,8.41090277777778,2.19618055555556
"559",1,29,2020,48.2510714285714,22.9104427083333,8.25449218750001,2.3189453125
"560",1,30,2020,69.2889285714286,22.9080208333334,8.33458333333333,1.82003472222222
"561",1,31,2020,67.6398611111111,22.9046354166668,8.45555555555557,1.92847222222222
"562",10,21,2017,24.8524305555555,22.8402678571428,6.05670138888889,1.37861111111111
"563",10,20,2017,28.5364583333333,22.8365178571429,6.00636363636364,1.14981818181818
"564",10,22,2017,24.1511805555555,22.8435119047619,6.13142361111112,1.54649305555556
"565",10,23,2017,14.3321527777778,22.844375,6.42510416666666,1.51954861111111
"566",10,24,2017,30.3716666666666,22.8525297619048,6.31440972222222,1.47298611111111
"567",10,28,2017,23.8231944444444,22.8646428571427,6.47510416666665,1.328125
"568",10,27,2017,24.4820138888889,22.8638392857141,6.40621527777778,1.32569444444445
"569",10,25,2017,28.6772222222222,22.8555357142858,6.27038194444445,1.30208333333333
"570",10,29,2017,30.780625,22.8705059523809,6.64375000000001,1.07447916666667
"571",10,30,2017,31.4819444444444,22.8753571428571,6.83972222222221,1.0515625
"572",10,31,2017,39.186875,22.8796428571429,6.8120905923345,0.8598606271777
"573",3,1,2020,250.063680555556,22.7325520833334,8.46828070175438,1.75322807017544
"574",3,2,2020,185.550347222222,22.7275260416667,8.61180555555555,1.61347222222222
"575",3,5,2020,131.029583333333,22.7135365853658,8.84947916666666,1.46673611111111
"576",3,4,2020,197.806944444444,22.7205,8.86274305555553,1.52274305555556
"577",3,3,2020,200.494513888889,22.7227604166667,8.7873263888889,1.65829861111111
"578",3,6,2020,205.670208333333,22.6996875,8.71500000000002,1.47465277777778
"579",3,7,2020,258.281805555555,22.688125,8.67718750000002,1.50645833333333
"580",3,8,2020,176.867013888889,22.6806510416666,8.66776315789473,2.05184210526316
"581",3,9,2020,152.490147058824,22.6791666666667,8.50227848101267,2.12033755274262
"582",3,11,2020,207.916458333333,22.6804427083333,8.59880701754384,1.442
"583",3,12,2020,231.176180555555,22.677265625,8.62578014184396,1.37968085106383
"584",3,10,2020,155.922152777778,22.6795572916667,8.56451086956521,1.79902173913043
"585",3,13,2020,251.476597222222,22.6690625,8.56510638297872,1.27787234042553
"586",3,14,2020,246.427916666667,22.66515625,8.51258865248227,1.22822695035461
"587",3,15,2020,254.072222222222,22.6601562500001,8.41230496453901,1.16514184397163
"588",3,16,2020,193.980416666667,22.6508854166667,8.31379432624113,1.23492907801418
"589",3,17,2020,222.481527777778,22.6432291666667,8.25170212765961,1.41120567375887
"590",3,19,2020,247.637708333333,22.6391666666666,8.08198581560285,1.67656028368794
"591",3,18,2020,230.166041666667,22.6402604166666,8.20120567375886,1.53652482269504
"592",3,20,2020,253.161944444444,22.6390885416666,8.04158995815899,2.08305439330544
"593",3,21,2020,249.160694444444,22.6408333333333,7.9776241134752,2.37382978723404
"594",3,23,2020,243.353263888889,22.6384635416666,8.02283687943263,3.02578014184397
"595",3,22,2020,243.676111111111,22.6385416666666,7.96762411347519,2.84936170212766
"596",3,24,2020,211.175,22.6377864583333,8.09567375886523,4.10900709219858
"597",3,25,2020,225.909236111111,22.6387760416667,8.14936170212764,4.31202127659574
"598",3,26,2020,208.421666666667,22.6323177083334,8.09654929577465,3.63066901408451
"599",3,27,2020,261.626875,22.6297916666667,8.05985815602837,2.64
"600",3,28,2020,285.903819444444,22.6279947916667,7.93205673758864,1.77939716312057
"601",3,29,2020,280.421180555556,22.6250260416666,7.72748226950356,1.33677304964539
"602",3,30,2020,270.719861111111,22.6149479166666,7.57932862190814,1.11459363957597
"603",3,31,2020,162.662013888889,22.6130729166666,7.37833333333332,1.15936170212766
"604",10,1,2018,99.1990625,22.7683072916666,4.98707317073171,7.56094076655052
"605",10,2,2018,63.1903125,22.7739583333333,4.68913194444445,8.83385416666667
"606",10,4,2018,133.972291666667,22.7923952095808,5.35159722222222,9.71652777777778
"607",10,3,2018,132.202604166667,22.7820661157025,4.67704861111111,8.51510416666667
"608",10,5,2018,137.893020833333,22.7684821428572,5.26545138888889,10.6302430555556
"609",10,6,2018,120.789583333333,22.768125,5.45684027777778,12.6638888888889
"610",10,7,2018,103.7484375,22.7713095238095,5.50027777777777,14.5579166666667
"611",10,8,2018,69.02375,22.7962603878116,5.44350694444443,16.6027430555556
"612",10,9,2018,88.08,22.8166666666667,5.48059027777779,16.7441666666667
"613",10,10,2018,50.671875,22.81796875,5.43283783783785,13.8045495495496
"614",10,11,2018,113.165729166667,22.82296875,4.98618055555556,6.58690972222222
"615",10,13,2018,136.629895833333,22.8345312500001,4.79145833333333,5.53774305555556
"616",10,12,2018,135.1709375,22.829296875,5.04694444444444,6.025
"617",10,14,2018,135.235104166667,22.83984375,4.70451388888889,5.29076388888889
"618",10,15,2018,126.541979166667,22.8436197916666,4.95909722222221,4.29885416666666
"619",10,17,2018,132.603645833333,22.8498697916666,5.6778125,3.20833333333333
"620",10,16,2018,144.6134375,22.8463020833333,5.36253472222223,3.74868055555556
"621",10,18,2018,88.2873958333333,22.8552864583332,5.59666666666666,2.91284722222223
"622",10,19,2018,58.4659375,22.8596614583332,5.18847222222221,3.76211805555555
"623",10,20,2018,123.165729166667,22.8594010416666,4.26208333333334,3.93875
"624",10,21,2018,135.574479166667,22.8630989583333,4.15118055555555,3.56659722222222
"625",10,22,2018,94.785376344086,22.8709895833333,4.293125,4.21524038461538
"626",10,24,2018,110.364615384615,22.8753906250001,4.89177083333334,4.53763888888889
"627",10,23,2018,33.8858333333333,22.8720572916667,4.99795138888887,5.08003472222222
"628",10,25,2018,40.2466666666667,22.878046875,5.05194444444443,4.69142361111111
"629",10,26,2018,64.9502083333333,22.8795833333333,5.08309027777777,4.55659722222222
"630",10,27,2018,88.4797916666667,22.8856249999999,5.25958333333334,4.92913194444445
"631",10,28,2018,132.99125,22.8921874999999,5.51038194444444,4.68857638888889
"632",10,29,2018,136.707291666667,22.8936979166666,5.71649305555556,4.37895833333334
"633",10,30,2018,136.112291666667,22.8986979166667,5.96482638888887,4.21222222222222
"634",10,31,2018,126.121145833333,22.9004947916667,5.91475694444445,5.30180555555556
"635",3,1,2019,126.337966101695,22.4080729166667,8.46407407407408,0.19716049382716
"636",3,2,2019,67.9604838709677,22.3997135416667,8.43152777777777,0.2375
"637",3,3,2019,145.817155172414,22.3720572916667,8.35572916666665,0.208576388888889
"638",3,4,2019,69.0631578947369,22.3689322916667,8.30777777777776,0.363888888888889
"639",3,5,2019,89.6175221238939,22.3565357142857,7.71135416666666,0.475173611111111
"640",3,6,2019,194.45606557377,22.3488020833333,7.26635416666666,0.545555555555555
"641",3,7,2019,162.940833333333,22.3217150395778,6.9506597222222,0.497013888888889
"642",3,8,2019,148.608611111111,22.3301041666666,7.11684027777777,0.306840277777778
"643",3,9,2019,126.719166666667,22.3290104166666,7.54944444444445,0.302361111111111
"644",3,10,2019,124.033985507246,22.3217708333333,7.94222222222223,0.138402777777778
"645",3,11,2019,149.793828125,22.31640625,8.20034722222223,0.165798611111111
"646",3,12,2019,179.009854014598,22.3136197916667,8.39825910931175,0.160485829959514
"647",3,13,2019,143.063402777778,22.3117708333333,8.37614583333331,0.125659722222222
"648",3,15,2019,102.953548387097,22.3070833333333,8.54139999999999,0.3035
"649",3,14,2019,153.598776978417,22.3096614583334,8.43562500000001,0.207361111111111
"650",3,16,2019,78.2385815602837,22.3042447916667,8.78743055555556,0.423993055555556
"651",3,17,2019,68.514778761062,22.2992447916667,8.44878472222223,0.613506944444444
"652",3,18,2019,208.006923076923,22.2970757180157,8.06086805555554,0.829861111111111
"653",3,19,2019,56.8800763358778,22.2950391644909,7.69239583333334,1.26975694444444
"654",3,20,2019,190.432100840336,22.290605263158,7.25149305555555,1.54211805555556
"655",3,21,2019,173.179791666667,22.2911256544503,7.65270833333333,1.194375
"656",3,22,2019,187.479861111111,22.2860471204189,7.89958333333334,1.94555555555556
"657",3,23,2019,192.26609929078,22.2764907651715,8.0184375,1.67975694444444
"658",3,25,2019,146.368194444444,22.2760789473684,8.43270833333333,0.965277777777777
"659",3,26,2019,172.234166666667,22.2752219321149,8.74524305555557,1.41958333333333
"660",3,27,2019,175.750902777778,22.2669270833333,8.66715277777778,1.62614583333333
"661",3,24,2019,172.511944444444,22.2702666666666,8.18760416666667,1.16371527777778
"662",3,29,2019,147.934583333333,22.2544094488189,8.49246527777779,1.01746527777778
"663",3,28,2019,163.174275362319,22.2596062992126,8.44499999999998,2.07690647482014
"664",3,30,2019,184.020655737705,22.2527631578947,8.51841584158416,0.574851485148515
"665",4,1,2020,295.051041666666,22.6099218749999,7.54029197080292,1.23087591240876
"666",4,3,2020,292.811805555555,22.5958333333333,7.29581560283689,1.16769503546099
"667",4,2,2020,292.701388888889,22.6010416666666,7.44598540145986,1.22843065693431
"668",3,31,2019,161.386944444444,22.2559162303665,8.73250000000001,0.62825
"669",4,4,2020,253.432638888889,22.5965104166666,7.32574468085107,1.15343971631206
"670",4,5,2020,75.4657638888889,22.5947135416666,7.28769503546099,1.45517730496454
"671",4,6,2020,204.955694444444,22.5820312500001,7.19985815602838,1.64372340425532
"672",4,7,2020,297.133263888889,22.5895052083334,7.22897163120567,1.45354609929078
"673",4,9,2020,248.720972222222,22.579140625,7.53475177304963,1.43425531914894
"674",4,10,2020,189.933194444445,22.5780208333334,7.58198581560282,1.53943262411348
"675",4,8,2020,166.213611111111,22.5851302083334,7.38634751773049,1.34673758865248
"676",4,11,2020,279.661875,22.5726302083333,7.46453900709221,1.80762411347518
"677",4,12,2020,207.125833333333,22.57390625,7.53960992907802,1.88418439716312
"678",4,13,2020,153.66375,22.5728385416667,7.67964539007093,1.98173758865248
"679",4,14,2020,66.2544444444444,22.5712500000001,7.70974729241879,2.3527797833935
"680",4,15,2020,53.5547222222222,22.5548697916668,7.54634408602152,2.61620071684588
"681",4,16,2020,262.862569444444,22.53421875,7.13134275618375,2.38137809187279
"682",4,17,2020,218.756041666667,22.5218229166667,6.89496453900709,2.2259219858156
"683",4,18,2020,94.6422916666667,22.526875,7.1986170212766,2.48212765957447
"684",4,21,2020,315.137013888889,22.5272916666666,7.5618439716312,2.21421985815603
"685",4,19,2020,265.275277777778,22.5276822916666,7.36010638297871,2.46730496453901
"686",4,20,2020,261.474166666667,22.5303906249999,7.53343971631204,2.3813475177305
"687",4,24,2020,63.7804166666666,22.5236979166666,7.53400709219859,2.95744680851064
"688",4,25,2020,242.913819444444,22.51984375,7.32276595744681,3.09280141843972
"689",4,22,2020,297.438472222222,22.5238802083333,7.53865248226949,2.40446808510638
"690",4,23,2020,251.899861111111,22.5242447916666,7.50968085106383,2.27503546099291
"691",4,26,2020,263.385138888889,22.5159635416667,7.52244444444445,2.63892592592593
"692",4,27,2020,330.151666666667,22.5129947916666,7.32235555555556,2.15524444444444
"693",4,28,2020,320.739861111111,22.5083593749999,7.19826241134752,2.2359219858156
"694",4,29,2020,260.397430555556,22.5121614583333,7.31645390070923,2.01648936170213
"695",4,30,2020,274.103680555556,22.5124999999999,7.37319148936171,1.92790780141844
"696",11,3,2017,75.1340277777777,22.8925,6.92184027777777,0.536597222222223
"697",11,4,2017,98.5981944444444,22.8955952380953,7.03390728476822,0.449602649006622
"698",11,1,2017,50.7944444444444,22.8825892857143,6.87357638888887,0.718194444444444
"699",11,2,2017,52.4659027777778,22.8876488095238,6.86701388888889,0.645138888888889
"700",11,7,2017,107.746319444444,22.9083928571429,7.12656250000002,0.301319444444444
"701",11,6,2017,111.585,22.9030952380952,7.11983402489626,0.350373443983402
"702",11,8,2017,97.3046527777777,22.9124404761905,7.21635416666667,0.346215277777778
"703",11,9,2017,70.2383333333333,22.9152380952382,7.16965277777781,0.3965625
"704",11,10,2017,41.828125,22.9200298507463,6.9678125,0.443888888888889
"705",11,11,2017,69.2906944444444,22.9235542168675,6.90621527777777,0.479027777777778
"706",11,12,2017,82.6705555555555,22.9273873873875,6.93395833333333,0.442465277777778
"707",11,13,2017,91.5763888888889,22.930900900901,7.09854166666665,0.409895833333333
"708",11,14,2017,59.1705555555555,22.9354491017964,7.21715277777779,0.473993055555556
"709",11,15,2017,68.0519444444444,22.9370090634441,7.37135416666665,0.515590277777778
"710",11,17,2017,100.155833333333,22.9479640718562,7.36486111111112,0.487986111111111
"711",11,18,2017,102.838958333333,22.9490060240963,7.41454861111111,0.453090277777778
"712",11,16,2017,104.349027777778,22.9446428571427,7.36006944444444,0.47701388888889
"713",11,19,2017,52.2694444444444,22.9573939393939,7.46399305555556,0.490347222222222
"714",11,20,2017,85.6095833333333,22.9627439024391,7.55052083333332,0.501770833333333
"715",11,21,2017,44.623125,22.965552238806,7.60374999999998,0.796363636363636
"716",11,23,2017,14.8002083333333,22.973869047619,7.80017361111112,1.70253472222222
"717",11,24,2017,91.0231944444444,22.9911607142856,7.87152777777778,1.83618055555556
"718",11,22,2017,117.308472222222,22.9716964285714,7.60836805555554,1.725625
"719",11,25,2017,116.808125,22.9931547619047,7.84336805555555,1.68361111111111
"720",11,26,2017,114.648819444444,22.9929761904762,7.8340625,1.60746527777778
"721",11,28,2017,98.0500699300699,22.9979761904762,7.87292490118575,1.65529644268775
"722",11,27,2017,109.592847222222,22.995238095238,7.82309027777777,1.67503472222222
"723",11,30,2017,131.274154929577,23.0027164179104,8.11262295081965,1.54614754098361
"724",11,29,2017,117.509230769231,22.999494047619,7.97740890688259,1.54453441295547
"725",1,1,2019,135.310104166667,22.7833333333333,8.22402777777778,0.928680555555555
"726",1,2,2019,101.788514851485,22.7833333333333,8.09226666666666,0.870177777777778
"727",1,4,2019,74.4901041666667,22.7823809523809,9.00255319148936,0.613191489361702
"728",1,3,2019,97.2346875,22.7821428571428,9.0614705882353,0.620882352941176
"729",1,5,2019,149.5715625,22.7729166666666,8.82861344537814,0.601386554621849
"730",1,7,2019,127.103125,22.7716964285713,8.43893617021277,0.673829787234042
"731",1,6,2019,145.133854166666,22.7719345238094,8.74696202531647,0.71113924050633
"732",1,8,2019,121.00125,22.768482142857,8.31619246861926,0.654267782426778
"733",1,10,2019,128.766979166667,22.759613095238,7.94131914893617,1.3676170212766
"734",1,11,2019,104.658125,22.7549702380951,7.93124999999999,1.5425
"735",1,9,2019,129.743229166667,22.7636309523808,8.36345991561183,0.770253164556962
"736",1,17,2019,142.273148148148,22.7290793650793,8.13780821917809,0.72972602739726
"737",1,18,2019,113.849375,22.7238392857142,8.17225694444446,0.751180555555555
"738",1,21,2019,125.532083333333,22.6853273809523,8.37284722222221,0.941319444444444
"739",1,22,2019,118.167152777778,22.6790476190475,8.43256944444445,1.00684027777778
"740",1,19,2019,108.502152777778,22.7236607142856,8.44684027777779,0.671041666666666
"741",1,20,2019,61.2371527777778,22.7016666666666,8.66194444444446,0.674097222222222
"742",1,23,2019,105.655208333333,22.6827083333333,8.76069444444444,0.855104166666666
"743",1,24,2019,105.905694444445,22.6705863192182,9.00979166666667,0.703194444444445
"744",1,25,2019,133.738819444444,22.6337611940298,9.10333333333333,0.754444444444444
"745",1,26,2019,97.1234722222222,22.6394894894895,8.74836805555554,0.857708333333334
"746",1,27,2019,9.21222222222222,22.6227761194031,8.60979166666664,1.26177083333333
"747",1,28,2019,124.264236111111,22.5015963855422,8.77826388888889,0.936909722222223
"748",1,29,2019,88.3938194444443,22.3393564356435,8.80225694444445,0.860277777777777
"749",1,30,2019,78.0686805555556,22.2463265306122,8.84371527777777,1.12020833333333
"750",1,31,2019,98.9154929577465,22.0899107142857,8.91870370370372,1.28566666666667
"751",9,1,2018,154.4446875,22.603203125,4.07576388888889,2.51423611111111
"752",9,2,2018,122.971979166667,22.6051041666667,4.37434027777777,3.45190972222222
"753",9,3,2018,74.5195833333333,22.6126041666667,4.10322916666667,3.43690972222222
"754",9,5,2018,129.643541666667,22.6266927083333,4.79638888888889,3.24197916666667
"755",9,4,2018,122.947291666667,22.6220833333333,3.76736111111111,3.29503472222222
"756",9,6,2018,131.5321875,22.6271875,5.35364583333333,3.19555555555555
"757",9,7,2018,86.9229166666667,22.6270833333334,5.33777777777778,3.24784722222222
"758",9,8,2018,103.763020833333,22.6310677083334,4.76270833333333,3.93479166666667
"759",9,9,2018,140.14375,22.6342708333334,4.52225694444444,3.88704861111111
"760",9,10,2018,145.906875,22.6402083333333,5.09474576271187,3.3881779661017
"761",9,11,2018,127.439895833333,22.6464583333333,5.73472222222222,3.0809375
"762",9,12,2018,122.646041666667,22.6470833333334,5.87614583333333,3.84048611111111
"763",9,13,2018,113.7446875,22.6535677083333,5.85840277777779,3.33010416666667
"764",9,14,2018,125.096979166667,22.6580729166666,5.6298263888889,3.26527777777778
"765",9,15,2018,137.8196875,22.6607291666666,5.95388888888888,4.09819444444445
"766",9,16,2018,113.578541666667,22.666328125,6.30260416666665,3.30204861111111
"767",9,17,2018,141.264895833333,22.6745833333333,6.20604166666667,3.04479166666667
"768",9,18,2018,159.114583333333,22.6801302083334,6.19347222222222,3.81409722222222
"769",9,19,2018,145.297604166667,22.686484375,5.87604166666667,5.34802083333333
"770",9,20,2018,132.417604166667,22.695625,5.45770034843206,3.57707317073171
"771",9,21,2018,145.680729166667,22.7007291666667,5.08902777777777,3.98871527777778
"772",9,23,2018,123.287395833333,22.7077604166666,4.64680555555555,4.76291666666666
"773",9,22,2018,122.00375,22.7045572916666,4.81104166666667,4.13239583333333
"774",9,24,2018,78.7635416666667,22.718203125,4.59516806722689,4.39794117647059
"775",9,25,2018,124.6621875,22.7317040358744,4.4053125,3.37472222222222
"776",9,26,2018,132.9771875,22.73625,4.81951388888888,3.13982638888889
"777",9,27,2018,152.420625,22.7494531250001,4.98461805555556,3.4184375
"778",9,28,2018,167.260729166667,22.7550260416667,5.39173611111111,4.0484375
"779",9,29,2018,135.212291666667,22.7600520833333,5.66673611111111,5.028125
"780",12,1,2017,123.44020979021,23.0029464285714,7.99295454545456,1.68534090909091
"781",9,30,2018,155.073229166667,22.7633072916666,5.50961805555556,6.22288194444444
"782",12,2,2017,124.731338028169,23.0049702380953,7.97842519685039,1.50763779527559
"783",12,4,2017,91.4429166666666,23.0095535714287,7.94699300699303,1.63388111888112
"784",12,6,2017,103.964375,23.012738095238,7.95444055944057,1.55716783216783
"785",12,3,2017,99.6265734265734,23.0071130952382,8.05532567049808,1.50256704980843
"786",12,5,2017,113.46375,23.0121726190476,7.90580419580417,1.58723776223776
"787",12,7,2017,19.07625,23.0136607142857,7.89275303643724,1.3865991902834
"788",12,8,2017,16.2200694444444,23.0158630952381,7.74265682656828,1.15129151291513
"789",12,9,2017,52.6764583333333,23.0127678571429,7.6305281690141,0.947183098591549
"790",12,10,2017,119.667013888889,23.0066071428572,7.75157894736842,0.810456140350877
"791",12,12,2017,113.029166666667,23.0157738095237,7.96489510489511,0.736713286713287
"792",12,11,2017,116.424861111111,23.0121428571428,7.81527972027969,0.702272727272728
"793",12,13,2017,117.582708333333,23.0127976190476,8.14456140350877,0.766982456140351
"794",12,14,2017,109.613472222222,23.011994047619,8.22164335664339,0.839895104895104
"795",12,15,2017,86.4020300751879,23.0114880952381,8.37038277511964,0.89090909090909
"796",12,19,2017,89.0441414141414,23.0082738095238,8.6525,0.665833333333333
"797",12,20,2017,88.003679245283,23.0073809523809,8.63564814814815,0.648148148148148
"798",12,22,2017,95.9907438016529,22.9978869047618,8.50847222222221,0.526493055555556
"799",12,23,2017,95.6332291666666,22.997113095238,8.51090277777778,0.500104166666667
"800",12,24,2017,83.3455208333333,22.9990773809524,8.40100694444445,0.586666666666667
"801",12,21,2017,102.491121495327,23.0056547619047,8.52267361111111,0.5725
"802",12,25,2017,118.938541666667,22.9960714285714,8.66711805555555,0.5746875
"803",12,27,2017,67.8151041666666,22.9929166666666,8.43451388888888,0.922118055555555
"804",12,26,2017,120.779583333333,22.9942857142857,8.58482638888888,0.684409722222222
"805",12,29,2017,32.5365625,22.9888392857142,8.39048611111107,1.23479166666667
"806",12,30,2017,73.9842708333333,22.9878273809523,8.28430555555557,1.1396875
"807",12,28,2017,21.8448958333333,22.9903571428571,8.39347222222221,1.17076388888889
"808",12,31,2017,101.558020833333,22.9860416666666,8.2263888888889,1.04711805555556
"809",7,2,2018,193.680666666667,22.2574218749999,5.38859574468085,1.98336170212766
"810",7,3,2018,149.458541666667,22.2611197916666,5.70584474885845,3.29150684931507
"811",7,4,2018,118.997894736842,22.2629166666666,5.52677083333332,9.41319444444445
"812",7,6,2018,160.325638297872,22.2852864583334,4.99406249999999,2.42413194444444
"813",7,5,2018,143.7171875,22.2760885608856,4.92592592592592,8.18674074074074
"814",7,7,2018,143.302210526316,22.2848958333333,5.25600694444444,2.46239583333333
"815",7,8,2018,128.903020833333,22.2877604166667,5.25899305555555,3.09729166666667
"816",7,10,2018,163.364193548387,22.2905208333334,5.56944444444444,2.63125
"817",7,9,2018,164.958125,22.290625,5.32604166666667,2.93347222222222
"818",7,13,2018,187.76875,22.3042287234043,6.32186507936507,3.11765873015873
"819",7,11,2018,188.0803125,22.292265625,5.8553125,3.19201388888889
"820",7,12,2018,186.910208333333,22.2918072289157,6.17135416666667,2.603125
"821",7,15,2018,63.2992307692308,22.3452,6.29636363636364,4.03136363636364
"822",7,14,2018,130.5246875,22.3079199999999,6.26560714285715,2.91946428571429
"823",7,18,2018,49.0530379746835,22.327109375,4.82858638743455,4.927277486911
"824",7,19,2018,49.8670886075949,22.3515577889448,4.933,4.48423076923077
"825",7,20,2018,86.6634375,22.3458522727273,4.95961538461539,4.75206293706294
"826",7,21,2018,116.831052631579,22.3483475783476,5.08010752688172,4.74232974910394
"827",7,22,2018,38.8621568627451,22.3622413793103,4.89657142857143,4.874
"828",7,23,2018,110.738817204301,22.4148333333333,4.72390510948905,4.3363503649635
"829",7,30,2018,58.7216666666666,22.3873177083333,6.71364928909953,4.98473933649289
"830",4,2,2018,218.955520833333,22.1301811594203,8.27333333333332,1.24809027777778
"831",4,1,2018,194.696666666667,22.1670121951219,8.17326388888888,1.35569444444444
"832",7,31,2018,43.496375,22.3975000000001,5.79369565217391,7.58733695652173
"833",4,4,2018,145.864193548387,21.960355987055,8.18722222222222,1.20673611111111
"834",4,6,2018,246.255052631579,21.9265605095541,7.62555555555554,1.27583333333333
"835",4,3,2018,188.192903225806,22.0539800995025,8.17274305555555,1.14923611111111
"836",4,5,2018,263.722083333333,21.9719935691318,8.00298611111111,1.45795138888889
"837",4,8,2018,85.468125,21.9181547619048,7.50458333333332,1.63295138888889
"838",4,9,2018,54.9601041666667,21.9413602941176,7.23225694444445,2.11763888888889
"839",4,7,2018,149.457604166667,21.9233630952381,7.58135416666668,1.49631944444444
"840",4,11,2018,191.637303370787,21.6901680672269,7.1712757201646,1.79868312757202
"841",4,12,2018,208.193870967742,21.7331845238095,7.59010416666666,1.64277777777778
"842",4,13,2018,262.647083333333,21.8205654761905,7.90364583333333,1.63517361111111
"843",4,10,2018,29.7441666666667,21.832774566474,7.25817543859648,2.00052631578948
"844",4,15,2018,109.069791666667,21.9558928571428,8.29979166666668,1.60288194444445
"845",4,16,2018,302.734222222222,21.9733630952381,7.98874999999999,1.78572916666667
"846",4,14,2018,228.315,21.9042261904762,8.28135416666665,1.3696875
"847",4,17,2018,328.018510638298,21.9898511904763,7.58423611111112,2.2728125
"848",4,18,2018,321.631276595745,22.003869047619,7.77833333333333,2.23822916666666
"849",4,20,2018,160.244791666667,22.0208333333333,8.27934027777777,2.03774305555556
"850",4,19,2018,281.138260869565,22.016130952381,8.19642361111111,2.15996527777777
"851",4,21,2018,183.292978723404,22.0290178571428,7.96427083333333,2.16923611111111
"852",4,22,2018,131.350526315789,22.0396726190476,8.16035874439463,2.12318385650224
"853",6,2,2020,411.673125,22.4947916666667,6.89847517730495,1.86854609929078
"854",6,1,2020,325.147361111111,22.4928906250001,7.02868794326241,1.60070921985816
"855",6,3,2020,283.62375,22.494375,6.58276595744682,2.08333333333333
"856",6,5,2020,149.750763888889,22.4976822916667,6.30592156862745,2.11105882352941
"857",6,6,2020,89.4874305555556,22.4897395833333,6.43833333333334,2.28261904761905
"858",6,4,2020,189.242013888889,22.4974739583334,6.41486666666666,2.1982
"859",6,15,2020,341.764812030075,22.5151302083334,7.05368421052632,2.78052631578947
"860",6,16,2020,364.680138888889,22.5192447916667,6.87094076655052,2.76770034843206
"861",6,19,2020,255.160416666667,22.5229687500001,7.08062499999999,2.81767361111111
"862",6,20,2020,267.674444444445,22.5257031250001,6.94607638888889,2.9396875
"863",6,18,2020,303.126527777778,22.5217187500001,6.86704861111111,3.04722222222222
"864",6,17,2020,252.194861111111,22.5210677083334,6.88559027777779,3.21100694444444
"865",6,21,2020,332.706041666667,22.5279427083334,7.03395833333334,2.72725694444444
"866",6,23,2020,170.951180555556,22.530234375,7.04097222222222,2.80913194444445
"867",6,22,2020,282.617152777778,22.5291927083333,7.0896875,2.63152777777778
"868",6,24,2020,242.382916666667,22.5313541666667,6.77802083333333,3.52232638888889
"869",6,25,2020,273.437638888889,22.5313541666667,6.92201388888889,3.26836805555556
"870",6,26,2020,284.043263888889,22.5349739583334,7.0548263888889,3.02986111111111
"871",6,27,2020,145.534375,22.5364583333334,7.0965625,3.14961805555555
"872",6,29,2020,226.185,22.5387500000001,6.64659722222222,4.14645833333334
"873",6,30,2020,223.610416666667,22.5401822916668,6.86645833333333,3.96378472222222
"874",6,28,2020,202.706319444445,22.5377864583334,6.63416666666666,4.35673611111111
"875",11,2,2018,32.820625,22.904765625,6.15762962962962,5.93518518518518
"876",11,1,2018,93.700625,22.8994010416667,6.10395833333333,5.138125
"877",11,3,2018,106.970729166667,22.9103645833333,6.15540084388185,6.0304641350211
"878",11,5,2018,61.6640909090909,22.9129166666666,6.32451807228915,4.73596385542169
"879",11,4,2018,46.6390625,22.9151302083333,6.19317991631799,6.47891213389121
"880",11,7,2018,132.1765625,22.9148437499999,4.68600694444444,2.8115625
"881",11,6,2018,157.55676056338,22.9139583333333,4.84308823529412,2.66397058823529
"882",11,8,2018,135.387763157895,22.91828125,4.874625,2.7941875
"883",11,9,2018,107.072083333333,22.9216927083333,5.22350694444445,2.82802083333333
"884",11,10,2018,45.1458333333333,22.9221614583333,4.9090625,3.57052083333333
"885",11,11,2018,93.065,22.9237075718015,3.55073170731708,4.76038327526132
"886",11,12,2018,95.2045833333333,22.92859375,4.07100694444445,4.69972222222222
"887",11,13,2018,109.925729166667,22.9310677083333,4.66756944444444,3.75888888888889
"888",11,14,2018,38.6190625,22.935,4.40024305555556,3.865625
"889",11,16,2018,129.487604166667,22.9420833333333,2.98725694444444,4.58017361111111
"890",11,15,2018,53.6183333333333,22.939609375,3.69277777777778,5.08822916666667
"891",11,17,2018,135.255104166667,22.9418229166666,3.11791666666667,4.06392361111111
"892",11,18,2018,110.110520833333,22.9402864583333,3.68083333333334,3.68333333333333
"893",11,19,2018,114.318541666667,22.9405989583333,4.14447916666666,4.26378472222222
"894",11,20,2018,76.8538571428572,22.9446354166667,3.6800826446281,4.73066115702479
"895",11,21,2018,172.786714285714,22.9446614583334,4.08747967479675,3.9279674796748
"896",11,22,2018,72.8065217391304,22.9477343750001,3.88629310344828,4.47655172413793
"897",11,23,2018,120.605857142857,22.9465885416668,3.33943089430894,3.86252032520325
"898",11,24,2018,105.093333333333,22.9430989583335,4.40619834710744,3.80140495867768
"899",11,25,2018,111.680597014925,22.9425260416668,0.323363636363636,4.35372727272727
"900",11,28,2018,143.725507246377,22.9461458333333,3.48235294117647,3.77941176470588
"901",11,27,2018,162.471857142857,22.9466927083333,3.26656,3.81112
"902",11,26,2018,76.5801492537312,22.94515625,4.55977528089888,4.78056179775281
"903",11,29,2018,116.447246376812,22.9482552083334,3.76491379310345,3.82327586206897
"904",11,30,2018,132.110869565217,22.9477864583333,4.65915966386555,3.1853781512605
"905",2,1,2020,65.4159027777778,22.9013020833334,8.48590277777779,1.75288194444445
"906",2,4,2020,140.909583333333,22.8854166666667,8.61416666666664,5.83583333333333
"907",2,2,2020,215.27762962963,22.8973890339427,8.52762114537446,1.62616740088106
"908",2,3,2020,204.838680555556,22.8920052083334,8.58031250000002,1.57100694444445
"909",2,5,2020,152.499583333333,22.8790104166666,8.77364583333333,5.44451388888889
"910",2,8,2020,209.10625,22.8546093750001,8.87920138888888,2.01930555555555
"911",2,9,2020,207.347638888889,22.8490885416666,8.82819444444444,2.0678125
"912",2,7,2020,198.343055555555,22.8703125000001,8.93368055555556,1.82083333333333
"913",2,6,2020,111.431597222222,22.8795052083333,8.88444444444446,1.8590625
"914",2,10,2020,179.880069444444,22.8467447916666,8.87350694444445,2.24559027777778
"915",2,11,2020,173.403194444444,22.8441666666666,8.9460763888889,2.71770833333333
"916",2,12,2020,109.324841269841,22.8398958333333,8.87994382022471,3.67342696629214
"917",2,19,2020,160.564513888889,22.7999218749999,8.60017361111111,1.77833333333333
"918",2,18,2020,160.182638888889,22.8066145833333,8.65201388888887,1.8328125
"919",2,17,2020,96.1453913043479,22.8126041666666,8.6048623853211,2.01715596330275
"920",2,20,2020,94.7552083333333,22.7969270833333,8.62282142857143,1.69392857142857
"921",2,21,2020,68.6668055555555,22.7856510416666,8.29673611111112,2.54034722222222
"922",2,23,2020,190.678055555555,22.7797656249999,8.22243055555556,2.52934027777778
"923",2,22,2020,220.450486111111,22.7809114583332,8.06166666666667,3.17284722222222
"924",2,24,2020,153.550833333333,22.7758072916667,8.36111111111111,2.09934027777778
"925",2,26,2020,86.6788888888889,22.76609375,8.6963541666667,1.98020833333333
"926",2,25,2020,38.7086013986014,22.7739843749999,8.57135714285714,2.24292857142857
"927",2,27,2020,253.201180555555,22.7508854166666,8.42559027777777,1.710625
"928",2,29,2020,246.760347222222,22.7373177083334,8.38086805555557,1.78420138888889
"929",2,28,2020,246.760208333333,22.7465104166666,8.27614583333331,1.97104166666667
"930",9,1,2019,130.749090909091,22.7011979166666,5.27195945945946,2.1152027027027
"931",9,4,2019,97.2253719008265,22.7186956521739,5.68558823529412,1.78647058823529
"932",9,2,2019,226.295819672131,22.7061718749999,5.17412162162162,1.91432432432432
"933",9,3,2019,192.964836065574,22.7087239583333,5.31614864864865,1.74783783783784
"934",9,8,2019,248.843884297521,22.7415625000001,6.378125,0.91125
"935",9,9,2019,234.663884297521,22.7519836956522,6.49063829787235,1.06446808510638
"936",9,10,2019,223.365702479339,22.7679427083333,6.35161971830985,1.09781690140845
"937",9,11,2019,209.606611570248,22.7694791666667,6.084375,1.38840277777778
"938",9,12,2019,175.531545454545,22.7727343750001,5.93223880597015,1.65179104477612
"939",9,13,2019,151.649583333333,22.7782552083334,5.62129496402877,2.07539568345324
"940",9,14,2019,197.016694214876,22.782734375,5.5777304964539,2.45382978723404
"941",9,15,2019,180.8305,22.7846875,5.73693430656934,2.27970802919708
"942",9,17,2019,211.507603305785,22.7955208333334,6.00888888888889,2.70354166666667
"943",9,18,2019,154.643361344538,22.8015104166667,6.05769230769231,2.76076923076923
"944",9,16,2019,200.324958677686,22.7917708333334,5.85027972027972,2.5006993006993
"945",9,19,2019,152.17268907563,22.8076302083333,5.80740458015267,2.68389312977099
"946",9,21,2019,147.717142857143,22.8208333333334,5.93701492537314,2.35858208955224
"947",9,20,2019,153.768181818182,22.8136458333333,6.00085714285715,2.271
"948",9,23,2019,159.436859504132,22.826953125,5.95485714285714,3.09142857142857
"949",9,25,2019,282.667438016529,22.8359635416666,6.31640287769784,1.74604316546763
"950",9,24,2019,261.063666666667,22.829140625,5.938671875,1.973984375
"951",9,26,2019,249.451333333333,22.84109375,6.65485294117647,1.82147058823529
"952",9,27,2019,239.058319327731,22.8474999999999,6.6684496124031,1.57341085271318
"953",9,29,2019,225.728416666667,22.8599739583333,5.56294117647059,1.78470588235294
"954",9,28,2019,149.985371900826,22.8544010416666,6.281,2.15571428571429
"955",9,30,2019,207.720166666667,22.8937297297297,5.91571428571428,1.6821052631579
"956",5,11,2018,305.726438356164,22.081643454039,7.07570731707317,0.495756097560976
"957",5,12,2018,248.948391608392,22.0906388888889,7.23368055555556,1.07840277777778
"958",5,15,2018,92.5546527777778,22.1025561797753,6.18763888888888,1.22552083333333
"959",5,16,2018,119.427580645161,22.1047486033519,5.99927083333334,1.40444444444444
"960",5,14,2018,96.5018750000001,22.0985195530726,6.48270833333334,0.961076388888889
"961",5,13,2018,148.401111111111,22.0940947075209,7.06482638888889,0.912569444444445
"962",5,17,2018,102.100729166667,22.1058474576271,6.26809027777777,1.17006944444444
"963",5,18,2018,152.483958333333,22.1056232686981,6.30256944444444,1.32895833333333
"964",5,19,2018,148.099479166667,22.1083473389355,6.61847222222221,1.12121527777778
"965",5,20,2018,58.1369791666667,22.1098039215687,6.68756944444445,1.19395833333333
"966",5,21,2018,89.9407692307692,22.1106250000001,6.07732283464567,1.95255905511811
"967",5,22,2018,136.767473684211,22.1160937500001,6.02513888888888,3.09670138888889
"968",5,23,2018,204.294946236559,22.1162500000001,6.43388888888889,2.10145833333334
"969",5,24,2018,151.460736842105,22.1164062500001,6.73246428571429,2.06960714285714
"970",5,25,2018,215.960208333333,22.1174479166667,6.99854166666667,1.53913194444445
"971",5,27,2018,74.4608333333334,22.128125,6.93784722222223,1.74145833333333
"972",5,26,2018,139.720416666667,22.1219270833334,7.13027777777778,2.09125
"973",5,29,2018,68.4057692307692,22.1479166666667,6.45229268292684,1.96419512195122
"974",5,30,2018,36.7755208333333,22.1612760416666,6.34256944444444,1.83777777777778
"975",5,28,2018,149.197083333333,22.1362784090909,6.48965648854962,1.84087786259542
"976",5,31,2018,131.328541666667,22.1379427083333,5.65444444444444,2.14086805555556
"977",5,1,2020,326.093055555556,22.5062239583333,7.26042553191489,1.86280141843972
"978",5,2,2020,316.917916666667,22.5066666666667,7.2350354609929,1.47326241134752
"979",5,3,2020,313.3,22.5065625,7.19783687943262,1.12943262411347
"980",5,4,2020,337.459791666666,22.5040885416667,7.3054609929078,0.910460992907801
"981",5,6,2020,273.747083333333,22.5049739583334,7.18297872340425,0.953368794326241
"982",5,7,2020,340.745555555555,22.5004947916667,6.99382978723403,1.08099290780142
"983",5,10,2020,127.960763888889,22.4993489583333,7.04704379562045,1.30434306569343
"984",5,8,2020,334.790625,22.5007031250001,6.96599290780141,1.13992907801418
"985",5,9,2020,291.688958333333,22.4984114583333,7.12521276595744,1.07340425531915
"986",5,12,2020,355.471666666667,22.4956510416666,7.16390070921986,1.09219858156028
"987",5,14,2020,324.535416666667,22.494609375,7.30510638297872,1.19120567375887
"988",5,11,2020,333.483888888889,22.4988020833333,6.99219858156028,1.29776595744681
"989",5,13,2020,317.374097222222,22.49765625,7.20989090909091,1.22956363636364
"990",5,17,2020,328.065555555556,22.4930729166666,7.45414893617023,1.22971631205674
"991",5,16,2020,317.438402777778,22.496484375,7.42644787644787,1.22706563706564
"992",5,15,2020,320.066805555555,22.495546875,7.47383333333333,1.46216666666667
"993",5,19,2020,385.5725,22.4935677083334,7.36106382978723,1.4013475177305
"994",5,20,2020,368.225833333333,22.4932812500001,7.37028368794326,1.43556737588652
"995",5,21,2020,451.548819444444,22.4916666666667,7.28413427561838,1.37120141342756
"996",5,18,2020,268.391597222222,22.493984375,7.45460992907803,1.1813829787234
"997",5,22,2020,456.135277777777,22.4920572916668,7.321914893617,1.13921985815603
"998",5,23,2020,398.071875,22.4919791666668,7.25216312056738,1.04198581560284
"999",5,24,2020,338.049722222222,22.4919010416668,7.18339222614842,1.00544169611307
"1000",5,25,2020,127.739534883721,22.4920052083334,7.12510638297869,1.24560283687943
"1001",5,26,2020,277.068333333333,22.494765625,6.80638297872341,1.71223404255319
"1002",5,27,2020,388.949252336449,22.4946354166667,6.7984126984127,1.81611111111111
"1003",5,28,2020,209.389861111111,22.4923958333334,6.97093749999999,1.568125
"1004",5,29,2020,321.817152777778,22.4938541666667,6.60634751773049,1.86436170212766
"1005",5,30,2020,425.961319444444,22.491953125,6.70757201646092,1.73827160493827
"1006",5,31,2020,489.986666666666,22.4915364583333,6.95294326241135,1.53
"1007",11,3,2019,170.156740740741,22.9951488095238,6.51736842105263,3.065
"1008",11,2,2019,72.7324305555556,22.9931547619047,6.4279746835443,3.49506329113924
"1009",11,4,2019,82.3789583333334,22.9987202380952,6.59034965034964,3.23730769230769
"1010",11,5,2019,66.6550694444444,23.0003273809524,6.61593749999999,2.32121527777778
"1011",11,7,2019,90.0599193548387,23.0081845238095,6.65766871165644,1.94134969325153
"1012",11,6,2019,116.159375,23.0063988095238,6.61427083333333,1.93454861111111
"1013",11,16,2019,23.3733333333333,23.0407142857142,7.33883928571429,1.52142857142857
"1014",11,17,2019,33.1310317460317,23.0411904761903,7.47482758620688,1.17580459770115
"1015",11,18,2019,108.205416666667,23.0400357142856,7.49114583333332,0.939236111111112
"1016",11,19,2019,108.3,23.0607799442896,7.65684027777778,0.711458333333333
"1017",11,20,2019,119.166587301587,23.0786718749999,7.57101123595505,1.04432584269663
"1018",11,26,2019,154.668,23.082578125,7.83209876543211,0.940246913580247
"1019",11,28,2019,152.195902777778,23.0839062500001,8.04840277777778,0.883472222222222
"1020",11,29,2019,150.148958333333,23.0820312500001,8.06520833333332,0.944861111111111
"1021",11,27,2019,146.187777777778,23.0826562500001,7.85163194444445,1.02243055555556
"1022",11,30,2019,148.012569444444,23.0817708333334,7.9914236111111,1.20614583333333
"1023",12,2,2019,147.678888888889,23.0805859375,8.23722222222223,1.350625
"1024",12,3,2019,111.119166666667,23.0950304878048,8.18412087912087,1.54043956043956
"1025",12,1,2019,103.328402777778,23.0793489583334,8.13274305555556,1.02833333333333
"1026",12,4,2019,118.110076335878,23.0941406249999,8.55840707964602,1.08654867256637
"1027",12,5,2019,175.553263888889,23.0949739583333,8.57003472222221,1.22378472222222
"1028",12,6,2019,170.919652777778,23.0935677083333,8.61187499999998,1.15510416666667
"1029",12,7,2019,140.825972222222,23.0926822916667,8.64062500000001,1.06506944444444
"1030",12,8,2019,135.415069444444,23.0910937500001,8.7271875,1.07996527777778
"1031",12,9,2019,165.530208333333,23.0903645833334,8.93819444444448,1.226875
"1032",12,10,2019,161.214930555556,23.0903906250001,9.01208333333336,0.934513888888889
"1033",12,11,2019,80.1240972222222,23.0880729166668,9.00829861111109,1.31458333333333
"1034",12,13,2019,54.6879166666666,23.0863802083333,8.91972222222224,4.00538194444444
"1035",12,14,2019,174.014097222222,23.0826162790696,8.84108771929822,3.51961403508772
"1036",12,12,2019,67.6436111111111,23.0857812500001,8.84461805555554,1.74475694444444
"1037",12,15,2019,176.584861111111,23.0790104166665,8.78086805555558,2.79527777777778
"1038",12,17,2019,85.2327777777778,23.0798697916666,8.80748226950351,3.0041134751773
"1039",12,18,2019,172.19,23.0770312499999,8.80278761061947,1.13172566371681
"1040",12,31,2019,187.78801980198,23.0422346368715,8.86590163934426,1.83934426229508
"1041",3,7,2018,156.885833333333,22.239419525066,7.88943181818182,2.76306818181818
"1042",3,8,2018,251.9325,22.2316272965879,7.59749999999998,2.48024509803921
"1043",3,9,2018,194.796770833333,22.2238541666667,7.41708333333333,3.37041666666667
"1044",3,10,2018,115.248958333333,22.2225520833333,7.30045138888888,3.44711805555556
"1045",3,11,2018,137.208333333333,22.22265625,7.37385416666668,3.32385416666666
"1046",3,13,2018,247.159791666667,22.1975260416667,7.70673611111111,2.97732638888889
"1047",3,12,2018,180.971145833333,22.2181510416666,7.7525,2.74993055555556
"1048",3,15,2018,243.645833333333,22.1892187499999,7.66989583333334,2.95239583333333
"1049",3,16,2018,244.778229166667,22.1853645833333,7.84114583333334,2.47982638888889
"1050",3,17,2018,223.839782608696,22.175703125,8.05256944444447,2.07604166666667
"1051",3,14,2018,254.109166666667,22.1931510416667,7.65532110091744,2.98738532110092
"1052",3,18,2018,194.988229166667,22.1756510416667,8.26625000000001,1.77631944444444
"1053",3,19,2018,92.7992708333333,22.1681770833334,8.38975694444444,1.75180555555556
"1054",3,20,2018,97.1851041666667,22.1609375,8.33958333333333,1.73006944444445
"1055",3,21,2018,241.174301075269,22.1540131578947,8.10021052631579,1.58259649122807
"1056",3,23,2018,237.150631578947,22.1615364583333,7.75086805555557,2.00107638888889
"1057",3,22,2018,264.39375,22.16275,7.92736111111109,1.70475694444444
"1058",3,24,2018,230.546842105263,22.1637239583333,7.86898245614035,1.85252631578947
"1059",3,25,2018,210.314375,22.1678125,8.00250000000001,1.51565972222222
"1060",3,26,2018,60.8988541666667,22.1576470588236,8.29540350877193,1.76150877192982
"1061",3,27,2018,171.205157894737,22.1630815709971,8.13119133574005,1.86212996389892
"1062",3,28,2018,186.86091954023,22.1706060606061,8.11807228915663,1.57935742971888
"1063",3,29,2018,222.72125,22.1757878787879,8.21857638888888,1.28979166666667
"1064",3,30,2018,108.7384375,22.179012345679,8.36288194444444,1.34840277777778
"1065",3,31,2018,189.958541666666,22.1655589123867,8.29194444444444,1.3240625
"1066",6,2,2019,242.442152777778,22.1709399477807,6.21368055555555,0.361284722222222
"1067",6,3,2019,224.732222222222,22.1682655826558,6.35388571428572,0.458228571428571
"1068",6,1,2019,213.242916666667,22.1688020833333,6.15347222222223,0.355798611111111
"1069",6,4,2019,179.202916666667,22.1574852071006,6.27715277777777,0.4009375
"1070",6,5,2019,191.722361111111,22.1652046783625,5.88581881533102,0.507560975609756
"1071",6,6,2019,120.742612612613,22.1634523809523,5.74430769230769,0.575230769230769
"1072",6,7,2019,131.987868852459,22.1801907356947,5.36901960784314,0.804117647058823
"1073",6,8,2019,170.642926829268,22.1717302052785,5.13874074074074,1.01511111111111
"1074",6,9,2019,71.0404237288136,22.1757941176469,5.13200000000001,1.12782608695652
"1075",6,10,2019,187.117786885246,22.1771091445428,5.14939189189189,1.13804054054054
"1076",6,11,2019,208.213739837399,22.1795857988166,5.6477397260274,0.858767123287671
"1077",6,13,2019,90.8661983471074,22.1906567164179,5.38937007874016,1.39370078740157
"1078",6,14,2019,224.393852459016,22.1925892857143,5.41945945945946,0.96445945945946
"1079",6,12,2019,143.248842975207,22.1831547619048,5.74447552447552,1.06664335664336
"1080",6,16,2019,222.859745762712,22.1978273809523,5.82728,0.9636
"1081",6,15,2019,156.071048387097,22.1917014925373,5.74873417721519,1.16481012658228
"1082",6,18,2019,151.453739837398,22.2010810810811,6.16430463576159,1.62456953642384
"1083",6,17,2019,149.116147540984,22.1988656716417,6.30935064935065,1.22467532467532
"1084",6,19,2019,76.7706722689076,22.2044277108434,6.1519801980198,1.74217821782178
"1085",6,20,2019,151.348524590164,22.215628742515,5.57684563758389,1.81375838926175
"1086",6,21,2019,166.494919354839,22.2131117824773,6.46220125786163,1.82339622641509
"1087",6,22,2019,156.385403225806,22.2121036585366,6.99350318471337,1.72031847133758
"1088",6,23,2019,173.214227642277,22.2251796407186,7.12188311688311,1.445
"1089",6,25,2019,219.278629032258,22.2332317073171,4.56123287671233,0.678972602739726
"1090",6,24,2019,201.85370967742,22.2232628398791,5.1804054054054,0.784459459459459
"1091",6,26,2019,213.163467741935,22.2409821428571,6.91819875776397,0.799503105590062
"1092",6,29,2019,189.894112903226,22.2585329341317,5.92039735099338,1.16450331125828
"1093",6,27,2019,236.021693548387,22.2481927710844,6.71601941747573,0.768446601941748
"1094",6,30,2019,221.527967479675,22.2805105105105,5.5662091503268,1.29156862745098
"1095",10,1,2019,196.991,22.8682142857143,5.78553030303031,1.78462121212121
"1096",10,2,2019,204.342231404959,22.8739144736842,5.65338028169014,1.96422535211268
"1097",10,3,2019,221.001818181818,22.8830208333333,5.69884892086331,2.20438848920863
"1098",10,4,2019,202.476446280992,22.8871093749999,5.51194244604316,1.97071942446043
"1099",10,5,2019,181.848666666667,22.89078125,5.88769230769231,2.4120979020979
"1100",10,6,2019,109.803798449612,22.8959895833333,5.74351648351649,2.44467032967033
"1101",10,7,2019,94.6567567567568,22.8997916666667,5.79901234567901,2.23407407407407
"1102",10,9,2019,118.002708333333,22.9112239583333,5.78874125874127,0.997762237762237
"1103",10,10,2019,160.660902777778,22.9168489583334,5.83444444444444,0.8090625
"1104",10,11,2019,175.474513888889,22.9000557103063,5.98538194444443,0.541666666666667
"1105",10,8,2019,92.5945871559634,22.905546875,5.89121212121212,1.32636363636364
"1106",10,12,2019,148.067083333333,22.9243229166666,5.98697916666666,0.756423611111111
"1107",10,15,2019,139.344513888889,22.9348293963256,6.10711805555555,0.643611111111111
"1108",10,14,2019,140.448402777778,22.9203551912569,5.99864583333333,0.569722222222222
"1109",10,13,2019,172.300347222222,22.9292447916667,6.02121527777778,0.676840277777778
"1110",10,16,2019,97.5915972222222,22.9258152173913,5.99309027777777,1.12239583333333
"1111",10,17,2019,116.470555555555,22.9233426966291,5.9517361111111,1.91388888888889
"1112",10,18,2019,42.5599305555555,22.9402162162162,5.67579861111111,2.07590277777778
"1113",10,19,2019,58.7190972222222,22.9536718750001,5.76756944444444,2.10989583333333
"1114",10,20,2019,154.227916666667,22.9602604166666,6.13170138888889,2.19819444444444
"1115",10,22,2019,71.5718032786885,22.9309821428572,6.25411764705882,1.95310160427807
"1116",10,21,2019,48.9658333333334,22.9405949008498,6.29243055555556,2.24135416666666
"1117",10,27,2019,86.4178125,22.9697619047619,6.68287671232876,1.31958904109589
"1118",10,28,2019,152.5278125,22.975119047619,6.93047619047619,3.95714285714286
"1119",5,16,2019,233.191875,22.1398177083334,6.4679861111111,0.5003125
"1120",5,5,2020,264.018611111111,22.5058072916667,7.28354609929077,0.962127659574468
"1121",10,26,2017,29.1245138888889,22.8602083333333,6.29569444444444,1.24295138888889
"1122",12,8,2018,137.428133333333,22.9413315926893,7.74551282051282,1.0049358974359
"1123",9,22,2019,174.628166666667,22.8225260416667,5.93768656716418,2.91164179104478
"1124",12,16,2019,162.655902777778,23.0788281249998,8.6832986111111,3.13659722222222
"1125",7,18,2020,251.835416666667,22.5787239583333,6.0050354609929,1.70932624113475
"1126",4,14,2021,276.441736111111,22.4796875,7.94572916666667,2.16986111111111
"1127",1,14,2021,147.016041666667,23.1482291666667,9.89784722222222,2.34274305555555
"1128",9,5,2020,293.602708333333,22.7542187500002,5.87854166666666,19.7986458333333
